Workbook

Sheet Regras Premiação
C2: Promotor | D2: A+ > 300.000 | E2: BASE: | F2: 1500 | G2: A+ | K2: Coordenador | L2: A+ | Venda > 1.750.000 | M2: BASE: | N2: 2000 | T2: PROMOTORIA | U2: RESUMO DE NÍVEIS | Z2: COORDENAÇÃO | AA2: RESUMO DE NÍVEIS | AG2: Supervisor | AH2: - | AI2: Set | AO2: Gerente | AP2: - | AQ2: Set
A3: Regras: | C3: Objetivo | I3: Regras: | K3: Objetivo | T3: NÍVEL | U3: 0.9 | V3: 1 | W3: 1.15 | Z3: NÍVEL | AA3: 0.9 | AB3: 1 | AC3: 1.15 | AE3: Regras: | AG3: Objetivo | AM3: Regras: | AO3: Objetivo
A4: 1º | C4: Chegar na Meta Sell-Out | E4: 0.9 | F4: 1 | G4: 1.15 | I4: 1º | K4: Chegar na Meta Sell-Out | M4: 0.9 | N4: 1 | O4: 1.15 | T4: A+ | U4: =E19 -> 100 | V4: =F19 -> 200 | W4: =G19 -> 270 | Z4: A+ | AA4: 135 | AB4: 270 | AC4: 350 | AE4: 1º | AG4: Chegar na Meta Sell-Out | AI4: 0.9 | AJ4: 1 | AK4: 1.15 | AM4: 1º | AO4: Chegar na Meta Sell-Out | AQ4: 0.9 | AR4: 1 | AS4: 1.15
C5: A: | D5: Atingimento Total Master | E5: =E18/$F$29 -> 0.0625 | F5: =F18/$F$29 -> 0.125 | G5: =G18/$F$29 -> 0.1875 | K5: A: | L5: Atingimento Total Master | M5: 0.05 | N5: 0.1 | O5: 0.15 | T5: A | U5: =E47 -> 85 | V5: =F47 -> 170 | W5: =G47 -> 200 | Z5: A | AA5: 112.5 | AB5: 225 | AC5: 270 | AG5: A: | AH5: Atingimento Total Master | AI5: 130 | AJ5: 250 | AK5: 360 | AO5: A: | AP5: Atingimento Total Master | AQ5: =MROUND(AI5/$AK5*$AS5,10) -> 180 | AR5: =MROUND(AJ5/$AK5*$AS5,10) -> 350 | AS5: 500
C6: B: | D6: Atingimento Individual Avine | E6: =E19/$F$29 -> 0.083333333 | F6: =F19/$F$29 -> 0.16666667 | G6: =G19/$F$29 -> 0.225 | K6: B: | L6: Atingimento Individual Avine | M6: 0.075 | N6: 0.15 | O6: 0.2 | T6: B | U6: =E76 -> 70 | V6: =F76 -> 140 | W6: =G76 -> 175 | Z6: B | AA6: 85 | AB6: 170 | AC6: 220 | AG6: B: | AH6: Atingimento Individual Avine | AI6: 175 | AJ6: 350 | AK6: 440 | AO6: B: | AP6: Atingimento Individual Avine | AQ6: =MROUND(AI6/$AK6*$AS6,10) -> 200 | AR6: =MROUND(AJ6/$AK6*$AS6,10) -> 400 | AS6: 500
C7: C: | D7: Atingimento Individual Capp | E7: =E20/$F$29 -> 0.083333333 | F7: =F20/$F$29 -> 0.16666667 | G7: =G20/$F$29 -> 0.225 | K7: C: | L7: Atingimento Individual Capp | M7: 0.15 | N7: 0.3 | O7: 0.4 | T7: C | U7: =E105 -> 50 | V7: =F105 -> 100 | W7: =G105 -> 125 | AG7: C: | AH7: Atingimento Individual Capp | AI7: 175 | AJ7: 350 | AK7: 440 | AO7: =AG7 -> C: | AP7: Atingimento Individual Capp | AQ7: =MROUND(AI7/$AK7*$AS7,10) -> 200 | AR7: =MROUND(AJ7/$AK7*$AS7,10) -> 400 | AS7: 500
C8: D: | D8: Atingimento Individual Famosa | E8: =E21/$F$29 -> 0.083333333 | F8: =F21/$F$29 -> 0.16666667 | G8: =G21/$F$29 -> 0.225 | AG8: D: | AH8: Atingimento Individual Famosa | AI8: 175 | AJ8: 350 | AK8: 440 | AO8: D: | AP8: Atingimento Individual Famosa | AQ8: =MROUND(AI8/$AK8*$AS8,10) -> 200 | AR8: =MROUND(AJ8/$AK8*$AS8,10) -> 400 | AS8: 500
C9: E: | D9: Atingimento Individual S&V | E9: =E22/$F$29 -> 0 | F9: =F22/$F$29 -> 0 | G9: =G22/$F$29 -> 0 | K9: D: | L9: Atingimento Individual Famosa | M9: 0.075 | N9: 0.15 | O9: 0.2 | AE9: 2 | AG9: Devolução < 1,5% | AH9: Atingimento Individual Avine | AI9: 400 | AJ9: 400 | AK9: 400 | AM9: 2 | AO9: Devolução < 1,5% | AP9: Atingimento Individual Avine | AQ9: 500 | AR9: 500 | AS9: 500
C10: F: | D10: Atingimento Individual Trebeschi | E10: =E23/$F$29 -> 0 | F10: =F23/$F$29 -> 0 | G10: =G23/$F$29 -> 0
AE11: 3 | AG11: Avaliação Gestor | AH11: Atingimento Total Master | AI11: 400 | AJ11: 400 | AK11: 400 | AM11: 3 | AO11: Avaliação Gestor | AP11: Atingimento Total Master | AQ11: 565 | AR11: 565 | AS11: 565
A12: 2 | C12: Devolução <= 1% | D12: Atingimento Individual Avine | E12: =E25/$F$29 -> 0.1875 | F12: =F25/$F$29 -> 0.1875 | G12: =G25/$F$29 -> 0.1875 | I12: 2 | K12: Devolução < 1% | L12: Atingimento Individual Avine | M12: 0.15 | N12: 0.15 | O12: 0.15 | T12: Premiação Master
T13: Resultado Master | U13: 0.9 | V13: 1 | W13: 1.15 | AH13: Total | AI13: =SUM(AI5:AI11) -> 1455 | AJ13: =SUM(AJ5:AJ11) -> 2100 | AK13: =SUM(AK5:AK11) -> 2480 | AP13: Total | AQ13: =SUM(AQ5:AQ11) -> 1845 | AR13: =SUM(AR5:AR11) -> 2615 | AS13: =SUM(AS5:AS11) -> 3065
A14: 3 | C14: Avaliação Gestor | D14: Atingimento Total Master | E14: =E27/$F$29 -> 0.1875 | F14: =F27/$F$29 -> 0.1875 | G14: 0.15 | I14: 3 | K14: Avaliação Gestor | L14: Atingimento Total Master | M14: 0.15 | N14: 0.15 | O14: 0.15 | T14: Promotor | U14: 75 | V14: 150 | W14: 225
E15: =SUM(E5:E14) -> 0.6875 | F15: =SUM(F5:F14) -> 1 | G15: =SUM(G5:G14) -> 1.2 | M15: 0.65 | N15: 1 | O15: 1.2 | T15: Coordenador | U15: 100 | V15: 200 | W15: 300 | AH15: Total Edinaldo | AI15: 1350 | AP15: Total Raianne | AQ15: 1420
A16: Regras: | C16: Objetivo | I16: Regras: | K16: Objetivo
A17: 1º | C17: Chegar na Meta Sell-Out | E17: 0.9 | F17: 1 | G17: 1.15 | I17: 1º | K17: Chegar na Meta Sell-Out | M17: 0.9 | N17: 1 | O17: 1.15
C18: A: | D18: Atingimento Total Master | E18: 75 | F18: 150 | G18: 225 | K18: A: | L18: Atingimento Total Master | M18: 100 | N18: 200 | O18: 300
C19: B: | D19: Atingimento Individual Avine | E19: 100 | F19: 200 | G19: 270 | K19: B: | L19: Atingimento Individual Avine | M19: =N19/2 -> 135 | N19: 270 | O19: 350 | T19: PROMOTORIA | U19: Média
C20: C: | D20: Atingimento Individual Capp | E20: 100 | F20: 200 | G20: 270 | K20: C: | L20: Atingimento Individual Capp | M20: =N20/2 -> 135 | N20: 270 | O20: 350 | T20: NÍVEL | U20: 0.6
C21: D: | D21: Atingimento Individual Famosa / Florestal | E21: 100 | F21: 200 | G21: 270 | K21: D: | L21: Atingimento Individual Famosa | M21: =N21/2 -> 135 | N21: 270 | O21: 350 | T21: A+ | U21: =U20*F29 -> 720
C22: E: | D22: Atingimento Individual S&V | K22: E: | L22: Atingimento Individual S&V | M22: =N22/2 -> 135 | N22: 270 | O22: 350 | T22: A | U22: =U20*F57 -> 972
C23: F: | D23: Atingimento Individual Trebeschi
T24: B | U24: =U20*F86 -> 864
A25: 2 | C25: Devolução <= 1.5% | D25: Atingimento Individual Avine | E25: 225 | F25: 225 | G25: 225 | I25: 2 | K25: Devolução < 1,5% | L25: Atingimento Individual Avine | M25: 300 | N25: 300 | O25: 300 | T25: C | U25: =U20*F115 -> 540
A27: 3 | C27: Avaliação APP | D27: Avaliação | E27: 225 | F27: 225 | G27: 225 | I27: 3 | K27: Avaliação Gestor | L27: Atingimento Total Master | M27: 300 | N27: 300 | O27: 300
D29: Total | E29: =SUM(E18:E27) -> 825 | F29: =SUM(F18:F27) -> 1200 | G29: =SUM(G18:G27) -> 1485 | L29: Total ( Incluindo a marca do Mês) | M29: =SUM(M18:M27)+M22 -> 1375 | N29: =SUM(N18:N27)+N22 -> 2150 | O29: =SUM(O18:O27)+O22 -> 2650 | T29: PROMOTORIA | U29: Premiação por Marca | Z29: - | AA29: RESUMO DE NÍVEIS
T30: NÍVEL ( Sell out ) | U30: 0.9 | V30: 1 | W30: 1.15 | Z30: NÍVEL | AA30: 0.9 | AB30: 1 | AC30: 1.15 | AD30: Dev
C31: Promotor | D31: A | Venda > 260.000 | E31: BASE: | F31: 1500 | G31: A | K31: Coordenador | L31: A | Venda > 1.000.000 | M31: BASE: | N31: 2000 | T31: A+ ( 300.000+ ) | U31: =E19 -> 100 | V31: =F19 -> 200 | W31: =G19 -> 270 | Z31: Supervisão | AA31: 150 | AB31: 350 | AC31: 440 | AD31: 400
A32: Regras: | C32: Objetivo | I32: Regras: | K32: Objetivo | T32: A ( 260.000+ ) | U32: =E47 -> 85 | V32: =F47 -> 170 | W32: =G47 -> 200 | Z32: Assistente | AA32: 100 | AB32: 200 | AC32: 250 | AD32: 250
A33: 1º | C33: Chegar na Meta Sell-Out | E33: 0.9 | F33: 1 | G33: 1.15 | I33: 1º | K33: Chegar na Meta Sell-Out | M33: 0.9 | N33: 1 | O33: 1.15 | T33: B ( 200.000+ ) | U33: =E76 -> 70 | V33: =F76 -> 140 | W33: =G76 -> 175 | Z33: Auxiliar | AA33: 75 | AB33: 150 | AC33: 225 | AD33: 225
C34: A: | D34: Atingimento Total Master | E34: 0.05 | F34: 0.1 | G34: 0.15 | K34: A: | L34: Atingimento Total Master | M34: 0.05 | N34: 0.1 | O34: 0.15 | T34: C ( Até 200.000 ) | U34: =E105 -> 50 | V34: =F105 -> 100 | W34: =G105 -> 125 | Z34: Gerente | AA34: 170 | AB34: 400 | AC34: 500 | AD34: 500
C35: B: | D35: Atingimento Individual Avine | E35: 0.0625 | F35: 0.125 | G35: 0.15 | K35: B: | L35: Atingimento Individual Avine | M35: 0.0625 | N35: 0.125 | O35: 0.15
C36: C: | D36: Atingimento Individual Capp | E36: 0.125 | F36: 0.25 | G36: 0.3 | K36: C: | L36: Atingimento Individual Capp | M36: 0.125 | N36: 0.25 | O36: 0.3
C37: D: | D37: Atingimento Individual Famosa | E37: 0.0625 | F37: 0.125 | G37: 0.15 | K37: D: | L37: Atingimento Individual Famosa | M37: 0.0625 | N37: 0.125 | O37: 0.15 | T37: Aplicativo
T38: Função | V38: 0.9 | W38: 1
T39: Estoque | V39: 56.25 | W39: =W40 -> 112.5
A40: 2 | C40: Devolução <= 1% | D40: Atingimento Individual Avine | E40: 0.15 | F40: 0.15 | G40: 0.15 | I40: 2 | K40: Devolução < 1% | L40: Atingimento Individual Avine | M40: 0.15 | N40: 0.15 | O40: 0.15 | T40: Pesquisa de Preço | V40: =V39 -> 56.25 | W40: =V40*2 -> 112.5
A42: 3 | C42: Avaliação Gestor | D42: Atingimento Total Master | E42: 0.15 | F42: 0.15 | G42: 0.15 | I42: 3 | K42: Avaliação Gestor | L42: Atingimento Total Master | M42: 0.15 | N42: 0.15 | O42: 0.15
E43: 0.6 | F43: 0.9 | G43: 1.05 | M43: 0.6 | N43: 0.9 | O43: 1.05 | T43: Devolução Avine
A44: Regras: | C44: Objetivo | I44: Regras: | K44: Objetivo | T44: Atingimento <= 1.5% | V44: 225
A45: 1º | C45: Chegar na Meta Sell-Out | E45: 0.9 | F45: 1 | G45: 1.15 | I45: 1º | K45: Chegar na Meta Sell-Out | M45: 0.9 | N45: 1 | O45: 1.15
C46: A: | D46: Atingimento Total Master | E46: 75 | F46: 150 | G46: 225 | K46: A: | L46: Atingimento Total Master | M46: 100 | N46: 200 | O46: 300
C47: B: | D47: Atingimento Individual Avine | E47: 85 | F47: 170 | G47: 200 | K47: B: | L47: Atingimento Individual Avine | M47: =N47/2 -> 112.5 | N47: 225 | O47: 270
C48: C: | D48: Atingimento Individual Capp | E48: 85 | F48: 170 | G48: 200 | K48: C: | L48: Atingimento Individual Capp | M48: =N48/2 -> 112.5 | N48: 225 | O48: 270
C49: D: | D49: Atingimento Individual Famosa | E49: 85 | F49: 170 | G49: 200 | K49: D: | L49: Atingimento Individual Famosa | M49: =N49/2 -> 112.5 | N49: 225 | O49: 270
C50: E: | D50: Atingimento Individual S&V | E50: 170 | F50: 340 | G50: 400 | K50: E: | L50: Atingimento Individual S&V | M50: =N50/2 -> 112.5 | N50: 225 | O50: 270 | T50: =SUM(N46:N50) -> 1100
C51: F: | D51: Atingimento Individual Trebeschi | E51: 85 | F51: 170 | G51: 200 | T51: =T50/N57 -> 0.57142857
T52: =25%*N57 -> 481.25
A53: 2 | C53: Devolução <= 1% | D53: Atingimento Individual Avine | E53: 225 | F53: 225 | G53: 225 | I53: 2 | K53: Devolução < 1% | L53: Atingimento Individual Avine | M53: 300 | N53: 300 | O53: 300
T54: =N55/N57 -> 0.15584416
A55: 3 | C55: Avaliação Gestor | D55: Atingimento Total Master | E55: 225 | F55: 225 | G55: 225 | I55: 3 | K55: Avaliação Gestor | L55: Atingimento Total Master | M55: 300 | N55: 300 | O55: 300
T56: 500
D57: Total ( Incluindo a marca do Mês) | E57: =SUM(E46:E55) -> 1035 | F57: =SUM(F46:F55) -> 1620 | G57: =SUM(G46:G55) -> 1875 | L57: Total ( Incluindo a marca do Mês) | M57: =SUM(M46:M55)+M50 -> 1262.5 | N57: =SUM(N46:N55)+N50 -> 1925 | O57: =SUM(O46:O55)+O50 -> 2250 | T57: 500
C59: Promotor | D59: B | E59: BASE: | F59: 1500 | G59: B | K59: Coordenador | L59: B | Venda < 1.000.000 | M59: BASE: | N59: 200
A60: Regras: | C60: Objetivo | I60: Regras: | K60: Objetivo
A61: 1º | C61: Chegar na Meta Sell-Out | E61: 0.9 | F61: 1 | G61: 1.15 | I61: 1º | K61: Chegar na Meta Sell-Out | M61: 0.9 | N61: 1 | O61: 1.15
C62: A: | D62: Atingimento Total Master | E62: =E75/$F$86 -> 0.052083333 | F62: =F75/$F$86 -> 0.10416667 | G62: =G75/$F$86 -> 0.15625 | K62: A: | L62: Atingimento Total Master | M62: 0.05 | N62: 0.1 | O62: 0.15
C63: B: | D63: Atingimento Individual Avine | E63: =E76/$F$86 -> 0.048611111 | F63: =F76/$F$86 -> 0.097222222 | G63: =G76/$F$86 -> 0.12152778 | K63: B: | L63: Atingimento Individual Avine | M63: 0.05 | N63: 0.1 | O63: 0.125
C64: C: | D64: Atingimento Individual Capp | E64: =E77/$F$86 -> 0.048611111 | F64: =F77/$F$86 -> 0.097222222 | G64: =G77/$F$86 -> 0.12152778 | K64: C: | L64: Atingimento Individual Capp | M64: 0.1 | N64: 0.2 | O64: 0.25
C65: D: | D65: Atingimento Individual Famosa | E65: =E78/$F$86 -> 0.048611111 | F65: =F78/$F$86 -> 0.097222222 | G65: =G78/$F$86 -> 0.12152778
C66: E: | D66: Atingimento Individual S&V | E66: =E79/$F$86 -> 0.097222222 | F66: =F79/$F$86 -> 0.19444444 | G66: =G79/$F$86 -> 0.24305556 | K66: D: | L66: Atingimento Individual Famosa | M66: 0.05 | N66: 0.1 | O66: 0.125
A69: 2 | C69: Devolução <= 1% | D69: Atingimento Individual Avine | E69: =E82/$F$86 -> 0.15625 | F69: =F82/$F$86 -> 0.15625 | G69: =G82/$F$86 -> 0.15625 | I69: 2 | K69: Devolução < 1% | L69: Atingimento Individual Avine | M69: 0.15 | N69: 0.15 | O69: 0.15
A71: 3 | C71: Avaliação Gestor | D71: Atingimento Total Master | E71: =E84/$F$86 -> 0.15625 | F71: =F84/$F$86 -> 0.15625 | G71: =G84/$F$86 -> 0.15625 | I71: 3 | K71: Avaliação Gestor | L71: Atingimento Total Master | M71: 0.15 | N71: 0.15 | O71: 0.15
E72: =SUM(E62:E71) -> 0.60763889 | F72: =SUM(F62:F71) -> 0.90277778 | G72: =SUM(G62:G71) -> 1.0763889 | M72: 0.55 | N72: 0.8 | O72: 0.95
A73: Regras: | C73: Objetivo | I73: Regras: | K73: Objetivo
A74: 1º | C74: Chegar na Meta Sell-Out | E74: 0.9 | F74: 1 | G74: 1.15 | I74: 1º | K74: Chegar na Meta Sell-Out | M74: 0.9 | N74: 1 | O74: 1.15
C75: A: | D75: Atingimento Total Master | E75: 75 | F75: 150 | G75: 225 | K75: A: | L75: Atingimento Total Master | M75: 100 | N75: 200 | O75: 300
C76: B: | D76: Atingimento Individual Avine | E76: 70 | F76: 140 | G76: 175 | K76: B: | L76: Atingimento Individual Avine | M76: 85 | N76: 170 | O76: 220
C77: C: | D77: Atingimento Individual Capp | E77: 70 | F77: 140 | G77: 175 | K77: C: | L77: Atingimento Individual Capp | M77: 85 | N77: 170 | O77: 220
C78: D: | D78: Atingimento Individual Famosa | E78: 70 | F78: 140 | G78: 175 | K78: D: | L78: Atingimento Individual Famosa | M78: 85 | N78: 170 | O78: 220
C79: E: | D79: Atingimento Individual S&V | E79: 140 | F79: 280 | G79: 350 | K79: E: | L79: Atingimento Individual S&V | M79: 85 | N79: 170 | O79: 220
C80: F: | D80: Atingimento Individual Trebeschi | E80: 70 | F80: 140 | G80: 175
A82: 2 | C82: Devolução <= 1% | D82: Atingimento Individual Avine | E82: 225 | F82: 225 | G82: 225 | I82: 2 | K82: Devolução < 1% | L82: Atingimento Individual Avine | M82: 300 | N82: 300 | O82: 300
A84: 3 | C84: Avaliação Gestor | D84: Atingimento Total Master | E84: 225 | F84: 225 | G84: 225 | I84: 3 | K84: Avaliação Gestor | L84: Atingimento Total Master | M84: 300 | N84: 300 | O84: 300
D86: Total | E86: =SUM(E75:E84) -> 945 | F86: =SUM(F75:F84) -> 1440 | G86: =SUM(G75:G84) -> 1725 | L86: Total ( Incluindo a marca do Mês) | M86: =SUM(M75:M84)+M79 -> 1125 | N86: =SUM(N75:N84)+N79 -> 1650 | O86: =SUM(O75:O84)+O79 -> 2000
C88: Promotor | D88: C | Venda < 200.000 | E88: BASE: | F88: 1500 | G88: C
A89: Regras: | C89: Objetivo
A90: 1º | C90: Chegar na Meta Sell-Out | E90: 0.9 | F90: 1 | G90: 1.15
C91: A: | D91: Atingimento Total Master | E91: 0.05 | F91: 0.1 | G91: 0.15
C92: B: | D92: Atingimento Individual Avine | E92: 0.0375 | F92: 0.075 | G92: 0.1
C93: C: | D93: Atingimento Individual Capp | E93: 0.075 | F93: 0.15 | G93: 0.2
C94: D: | D94: Atingimento Individual Famosa | E94: 0.0375 | F94: 0.075 | G94: 0.1
A98: 2 | C98: Devolução <= 1% | D98: Atingimento Individual Avine | E98: 0.15 | F98: 0.15 | G98: 0.15
A100: 3 | C100: Avaliação Gestor | D100: Atingimento Total Master | E100: 0.15 | F100: 0.15 | G100: 0.15
E101: 0.5 | F101: 0.7 | G101: 0.85
A102: Regras: | C102: Objetivo
A103: 1º | C103: Chegar na Meta Sell-Out | E103: 0.9 | F103: 1 | G103: 1.15
C104: A: | D104: Atingimento Total Master | E104: 75 | F104: 150 | G104: 225 | I104: =E104/775 -> 0.096774194 | L104: =I104*$K$106 -> 35.260839
C105: B: | D105: Atingimento Individual Avine | E105: 50 | F105: 100 | G105: 125 | I105: =E105/775 -> 0.064516129 | L105: =I105*$K$106 -> 23.507226
C106: C: | D106: Atingimento Individual Capp | E106: 50 | F106: 100 | G106: 125 | I106: =E106/775 -> 0.064516129 | K106: 364.362 | L106: =I106*$K$106 -> 23.507226
C107: D: | D107: Atingimento Individual Famosa | E107: 50 | F107: 100 | G107: 125 | I107: =E107/775 -> 0.064516129 | L107: =I107*$K$106 -> 23.507226
C108: E: | D108: Atingimento Individual S&V | I108: =E108/775 -> 0 | L108: =I108*$K$106 -> 0
C109: F: | D109: Atingimento Individual Trebeschi | I109: =E109/775 -> 0 | L109: =I109*$K$106 -> 0
I110: =E110/775 -> 0 | L110: =I110*$K$106 -> 0
A111: 2 | C111: Devolução <= 1% | D111: Atingimento Individual Avine | E111: 225 | F111: 225 | G111: 225 | I111: 0.29 | L111: =I111*$K$106 -> 105.66498
I112: =E112/775 -> 0 | L112: =I112*$K$106 -> 0
A113: 3 | C113: Avaliação Gestor | D113: Atingimento Total Master | E113: 225 | F113: 225 | G113: 225 | I113: 0.29 | L113: =I113*$K$106 -> 105.66498
I114: =E114/775 -> 0 | L114: =I114*$K$106 -> 0
D115: Total ( Incluindo a marca do Mês) | E115: =SUM(E104:E113) -> 675 | F115: =SUM(F104:F113) -> 900 | G115: =SUM(G104:G113) -> 1050 | I115: =E115/775 -> 0.87096774 | L115: =I115*$K$106 -> 317.34755
C117: Promotor | D117: Ceará Outras Redes | E117: BASE: | F117: 1500 | G117: C
...

Sheet Base App
A2: Promotor | B2: Dias_Enviados | C2: Meta | D2: Dias_Abonados | E2: Dias_Efetivos | F2: % | G2: % Estoque | H2: Status Meta | I2: Status Promotor | J2: Pesq. Preço R$ | K2: Estoque | L2: Total
A3: ANDRESSA NEVES | B3: 17 | C3: 17 | D3: 1 | E3: 18 | F3: =IFERROR(Base_APP[[#This Row],[Dias_Enviados]]/(Base_APP[[#This Row],[Meta]]-Base_APP[[#This Row],[Dias_Abonados]]),1) -> 1.0625 | I3: =IFERROR(VLOOKUP(Base_APP[[#This Row],[Promotor]],Promotores[Promotor],1,0),"") -> ANDRESSA NEVES
A4: ANGELA | B4: 14 | C4: 17 | D4: 1 | E4: 15 | F4: =IFERROR(Base_APP[[#This Row],[Dias_Enviados]]/(Base_APP[[#This Row],[Meta]]-Base_APP[[#This Row],[Dias_Abonados]]),1) -> 0.875 | I4: =IFERROR(VLOOKUP(Base_APP[[#This Row],[Promotor]],Promotores[Promotor],1,0),"") -> ANGELA
A5: CARLOS HENRIQUE | B5: 19 | C5: 17 | D5: 1 | E5: 20 | F5: =IFERROR(Base_APP[[#This Row],[Dias_Enviados]]/(Base_APP[[#This Row],[Meta]]-Base_APP[[#This Row],[Dias_Abonados]]),1) -> 1.1875 | I5: =IFERROR(VLOOKUP(Base_APP[[#This Row],[Promotor]],Promotores[Promotor],1,0),"") -> CARLOS HENRIQUE
A6: CLEANE BRANDAO | B6: 18 | C6: 17 | D6: 1 | E6: 19 | F6: =IFERROR(Base_APP[[#This Row],[Dias_Enviados]]/(Base_APP[[#This Row],[Meta]]-Base_APP[[#This Row],[Dias_Abonados]]),1) -> 1.125 | I6: =IFERROR(VLOOKUP(Base_APP[[#This Row],[Promotor]],Promotores[Promotor],1,0),"") -> CLEANE BRANDAO
A7: DANIELE | B7: 12 | C7: 17 | D7: 4 | E7: 16 | F7: =IFERROR(Base_APP[[#This Row],[Dias_Enviados]]/(Base_APP[[#This Row],[Meta]]-Base_APP[[#This Row],[Dias_Abonados]]),1) -> 0.92307692 | I7: =IFERROR(VLOOKUP(Base_APP[[#This Row],[Promotor]],Promotores[Promotor],1,0),"") -> DANIELE
A8: DIEGO | B8: 25 | C8: 17 | D8: 1 | E8: 26 | F8: =IFERROR(Base_APP[[#This Row],[Dias_Enviados]]/(Base_APP[[#This Row],[Meta]]-Base_APP[[#This Row],[Dias_Abonados]]),1) -> 1.5625 | I8: =IFERROR(VLOOKUP(Base_APP[[#This Row],[Promotor]],Promotores[Promotor],1,0),"") -> DIEGO
A9: EDINALDO | B9: 4 | C9: 17 | D9: 0 | E9: 4 | F9: =IFERROR(Base_APP[[#This Row],[Dias_Enviados]]/(Base_APP[[#This Row],[Meta]]-Base_APP[[#This Row],[Dias_Abonados]]),1) -> 0.23529412 | I9: =IFERROR(VLOOKUP(Base_APP[[#This Row],[Promotor]],Promotores[Promotor],1,0),"")
A10: ELENILDE | B10: 14 | C10: 17 | D10: 1 | E10: 15 | F10: =IFERROR(Base_APP[[#This Row],[Dias_Enviados]]/(Base_APP[[#This Row],[Meta]]-Base_APP[[#This Row],[Dias_Abonados]]),1) -> 0.875 | I10: =IFERROR(VLOOKUP(Base_APP[[#This Row],[Promotor]],Promotores[Promotor],1,0),"") -> ELENILDE
A11: FABIANE | B11: 21 | C11: 17 | D11: 0 | E11: 21 | F11: =IFERROR(Base_APP[[#This Row],[Dias_Enviados]]/(Base_APP[[#This Row],[Meta]]-Base_APP[[#This Row],[Dias_Abonados]]),1) -> 1.2352941 | I11: =IFERROR(VLOOKUP(Base_APP[[#This Row],[Promotor]],Promotores[Promotor],1,0),"") -> FABIANE
A12: FERNANDO | B12: 16 | C12: 17 | D12: 1 | E12: 17 | F12: =IFERROR(Base_APP[[#This Row],[Dias_Enviados]]/(Base_APP[[#This Row],[Meta]]-Base_APP[[#This Row],[Dias_Abonados]]),1) -> 1 | I12: =IFERROR(VLOOKUP(Base_APP[[#This Row],[Promotor]],Promotores[Promotor],1,0),"") -> FERNANDO
A13: GILERLESON | B13: 24 | C13: 17 | D13: 1 | E13: 25 | F13: =IFERROR(Base_APP[[#This Row],[Dias_Enviados]]/(Base_APP[[#This Row],[Meta]]-Base_APP[[#This Row],[Dias_Abonados]]),1) -> 1.5 | I13: =IFERROR(VLOOKUP(Base_APP[[#This Row],[Promotor]],Promotores[Promotor],1,0),"") -> GILERLESON
A14: GUILHERME | B14: 6 | C14: 17 | D14: 1 | E14: 7 | F14: =IFERROR(Base_APP[[#This Row],[Dias_Enviados]]/(Base_APP[[#This Row],[Meta]]-Base_APP[[#This Row],[Dias_Abonados]]),1) -> 0.375 | I14: =IFERROR(VLOOKUP(Base_APP[[#This Row],[Promotor]],Promotores[Promotor],1,0),"") -> GUILHERME
... A35: WILKENIA | B35: 14 | C35: 17 | D35: 1 | E35: 15 | F35: =IFERROR(Base_APP[[#This Row],[Dias_Enviados]]/(Base_APP[[#This Row],[Meta]]-Base_APP[[#This Row],[Dias_Abonados]]),1) -> 0.875 | I35: =IFERROR(VLOOKUP(Base_APP[[#This Row],[Promotor]],Promotores[Promotor],1,0),"") -> WILKENIA

Sheet Dados
A1: Cod Avi | B1: COD | C1: LOJA | D1: Nome Loja | E1: PROMOTOR | F1: REGIONAL | G1: Mês | H1: Coordenador | J1: COD Loja | K1: LOJA | L1: Nome Loja | M1: Prom Avine | N1: Prom Frutas | O1: Mês | P1: Coordenador | Q1: Supervisor | R1: CD | S1: Gerente | T1: Rede | U1: Grupo | V1: Resultado | W1: Meta | X1: Result Capp | Y1: Meta Capp
A2: 18047 | B2: 116 | C2: CD 116 | D2: CD 116 | E2: William | F2: CD | G2: DEZ | H2: CLEISSE | J2: 1 | K2: Mat Hiper Balsas | L2: Hiper Balsas | M2: ROSICLEIA | N2: ROSICLEIA | O2: JUL | P2: THIEUDE | Q2: Edinaldo | R2: CD 87 | S2: Sim | T2: Mateus | U2: Varejo | V2: =IFERROR(VLOOKUP(Rotas_Geral[[#This Row],[Nome Loja]],#REF!,3,0),0) -> 0 | W2: =IFERROR(VLOOKUP(Rotas_Geral[[#This Row],[Nome Loja]],#REF!,4,0),0) -> 0 | X2: =IFERROR(VLOOKUP(Rotas_Geral[[#This Row],[Nome Loja]],#REF!,3,0),0) -> 0 | Y2: =IFERROR(VLOOKUP(Rotas_Geral[[#This Row],[Nome Loja]],#REF!,4,0),0) -> 0
A3: 11081 | B3: 87 | C3: CD 87 | D3: CD 87 | E3: Nargila | F3: CD | G3: DEZ | H3: FLAVIO | J3: 2 | K3: MAT. I. CE | L3: Ceará | M3: RARIEL | N3: ANGELA | O3: JUL | P3: THIEUDE | Q3: Edinaldo | R3: CD 87 | S3: Sim | T3: Mateus | U3: Varejo | V3: =IFERROR(VLOOKUP(Rotas_Geral[[#This Row],[Nome Loja]],#REF!,3,0),0) -> 0 | W3: =IFERROR(VLOOKUP(Rotas_Geral[[#This Row],[Nome Loja]],#REF!,4,0),0) -> 0 | X3: =IFERROR(VLOOKUP(Rotas_Geral[[#This Row],[Nome Loja]],#REF!,3,0),0) -> 0 | Y3: =IFERROR(VLOOKUP(Rotas_Geral[[#This Row],[Nome Loja]],#REF!,4,0),0) -> 0
A4: 18002 | B4: 266 | C4: MAT SOBRAL | D4: Mix Sobral | E4: LUCAS | F4: Ceará | G4: DEZ | H4: EDINALDO | J4: 3 | K4: MAT. S. INES | L4: Sup Santa Inês | M4: BEATRIZ | N4: BEATRIZ | O4: JUL | P4: LILIANE | Q4: Edinaldo | R4: CD 116 | S4: Sim | T4: Mateus | U4: Varejo | V4: =IFERROR(VLOOKUP(Rotas_Geral[[#This Row],[Nome Loja]],#REF!,3,0),0) -> 0 | W4: =IFERROR(VLOOKUP(Rotas_Geral[[#This Row],[Nome Loja]],#REF!,4,0),0) -> 0 | X4: =IFERROR(VLOOKUP(Rotas_Geral[[#This Row],[Nome Loja]],#REF!,3,0),0) -> 0 | Y4: =IFERROR(VLOOKUP(Rotas_Geral[[#This Row],[Nome Loja]],#REF!,4,0),0) -> 0
A5: 19826 | B5: 264 | C5: Mateus Tianguá | D5: Tianguá | E5: VAGO | F5: Ceará | G5: DEZ | H5: ALESSANDRO | J5: 4 | K5: MAT. I. GOIA | L5: Goiás | M5: NARGILA | N5: ANGELA | O5: JUL | P5: THIEUDE | Q5: Edinaldo | R5: CD 87 | S5: Sim | T5: Mateus | U5: Mix | V5: =IFERROR(VLOOKUP(Rotas_Geral[[#This Row],[Nome Loja]],#REF!,3,0),0) -> 0 | W5: =IFERROR(VLOOKUP(Rotas_Geral[[#This Row],[Nome Loja]],#REF!,4,0),0) -> 0 | X5: =IFERROR(VLOOKUP(Rotas_Geral[[#This Row],[Nome Loja]],#REF!,3,0),0) -> 0 | Y5: =IFERROR(VLOOKUP(Rotas_Geral[[#This Row],[Nome Loja]],#REF!,4,0),0) -> 0
A6: 19825 | B6: 461 | C6: Camino Urb. Santos | D6: Camino Urb. Santos | E6: VAGO | F6: MA Norte | G6: DEZ | H6: ALESSANDRO | J6: 5 | K6: MAT. COHAB | L6: Cohab | M6: SILDIENY | N6: CLEISSE | O6: JUL | P6: CARLA | Q6: Edinaldo | R6: CD 116 | S6: Sim | T6: Mateus | U6: Varejo | V6: =IFERROR(VLOOKUP(Rotas_Geral[[#This Row],[Nome Loja]],#REF!,3,0),0) -> 0 | W6: =IFERROR(VLOOKUP(Rotas_Geral[[#This Row],[Nome Loja]],#REF!,4,0),0) -> 0 | X6: =IFERROR(VLOOKUP(Rotas_Geral[[#This Row],[Nome Loja]],#REF!,3,0),0) -> 0 | Y6: =IFERROR(VLOOKUP(Rotas_Geral[[#This Row],[Nome Loja]],#REF!,4,0),0) -> 0
A7: 1283 | B7: 459 | C7: Camino Cururupu | D7: Camino Cururupu | E7: VAGO | F7: MA Norte | G7: DEZ | H7: THIEUDE | J7: 7 | K7: MAT. COHAMA | L7: Cohama | M7: ELENILDE | N7: MAILANE | O7: JUL | P7: CARLA | Q7: Edinaldo | R7: CD 116 | S7: Sim | T7: Mateus | U7: Varejo | V7: =IFERROR(VLOOKUP(Rotas_Geral[[#This Row],[Nome Loja]],#REF!,3,0),0) -> 0 | W7: =IFERROR(VLOOKUP(Rotas_Geral[[#This Row],[Nome Loja]],#REF!,4,0),0) -> 0 | X7: =IFERROR(VLOOKUP(Rotas_Geral[[#This Row],[Nome Loja]],#REF!,3,0),0) -> 0 | Y7: =IFERROR(VLOOKUP(Rotas_Geral[[#This Row],[Nome Loja]],#REF!,4,0),0) -> 0
A8: 14254 | B8: 427 | C8: CAMINO ARARI | D8: Camino Arari | E8: VAGO | F8: MA Norte | G8: DEZ | H8: EDINALDO | J8: 8 | K8: MAT. TURU | L8: Turuzinho | M8: SILDIENY | N8: Kelsiane | O8: JUL | P8: CARLA | Q8: Edinaldo | R8: CD 116 | S8: Sim | T8: Mateus | U8: Varejo | V8: =IFERROR(VLOOKUP(Rotas_Geral[[#This Row],[Nome Loja]],#REF!,3,0),0) -> 0 | W8: =IFERROR(VLOOKUP(Rotas_Geral[[#This Row],[Nome Loja]],#REF!,4,0),0) -> 0 | X8: =IFERROR(VLOOKUP(Rotas_Geral[[#This Row],[Nome Loja]],#REF!,3,0),0) -> 0 | Y8: =IFERROR(VLOOKUP(Rotas_Geral[[#This Row],[Nome Loja]],#REF!,4,0),0) -> 0
A9: 19408 | B9: 434 | C9: Camino Barreirinhas | D9: Camino Barreirinhas | E9: ANDRESSA NEVES | F9: MA Norte | G9: DEZ | H9: THIEUDE | J9: 11 | K9: MAT. CIDAD O | L9: Cidade Operária | M9: ALEXANDRE | N9: Pat. Cristina | O9: JUL | P9: CARLA | Q9: Edinaldo | R9: CD 116 | S9: Sim | T9: Mateus | U9: Varejo | V9: =IFERROR(VLOOKUP(Rotas_Geral[[#This Row],[Nome Loja]],#REF!,3,0),0) -> 0 | W9: =IFERROR(VLOOKUP(Rotas_Geral[[#This Row],[Nome Loja]],#REF!,4,0),0) -> 0 | X9: =IFERROR(VLOOKUP(Rotas_Geral[[#This Row],[Nome Loja]],#REF!,3,0),0) -> 0 | Y9: =IFERROR(VLOOKUP(Rotas_Geral[[#This Row],[Nome Loja]],#REF!,4,0),0) -> 0
A10: 19194 | B10: 435 | C10: CAMINO COROATA | D10: Camino Coroatá | E10: VAGO | F10: MA Norte | G10: DEZ | H10: THIEUDE | J10: 12 | K10: MAT.RIO ANIL | L10: Rio Anil | M10: ALEXANDRE | N10: CLEISSE | O10: JUL | P10: CARLA | Q10: Edinaldo | R10: CD 116 | S10: Sim | T10: Mateus | U10: Varejo | V10: =IFERROR(VLOOKUP(Rotas_Geral[[#This Row],[Nome Loja]],#REF!,3,0),0) -> 0 | W10: =IFERROR(VLOOKUP(Rotas_Geral[[#This Row],[Nome Loja]],#REF!,4,0),0) -> 0 | X10: =IFERROR(VLOOKUP(Rotas_Geral[[#This Row],[Nome Loja]],#REF!,3,0),0) -> 0 | Y10: =IFERROR(VLOOKUP(Rotas_Geral[[#This Row],[Nome Loja]],#REF!,4,0),0) -> 0
A11: 1286 | B11: 445 | C11: CAMINO ITAPECURU | D11: Camino Itapecuru | E11: RAIMUNDO | F11: MA Norte | G11: DEZ | H11: THIEUDE | J11: 15 | K11: MAT. ACAILAN | L11: Sup Açailândia | M11: ISRAEL | N11: ISRAEL | O11: JUL | P11: THIEUDE | Q11: Edinaldo | R11: CD 87 | S11: Sim | T11: Mateus | U11: Varejo | V11: =IFERROR(VLOOKUP(Rotas_Geral[[#This Row],[Nome Loja]],#REF!,3,0),0) -> 0 | W11: =IFERROR(VLOOKUP(Rotas_Geral[[#This Row],[Nome Loja]],#REF!,4,0),0) -> 0 | X11: =IFERROR(VLOOKUP(Rotas_Geral[[#This Row],[Nome Loja]],#REF!,3,0),0) -> 0 | Y11: =IFERROR(VLOOKUP(Rotas_Geral[[#This Row],[Nome Loja]],#REF!,4,0),0) -> 0
A12: 15639 | B12: 439 | C12: CAMINO MIRANDA | D12: Camino Miranda | E12: RAIMUNDO | F12: MA Norte | G12: DEZ | H12: THIEUDE | J12: 16 | K12: MAT. CALHAU2 | L12: Calhau | M12: CLEANE BRANDAO | N12: MAILANE | O12: JUL | P12: CARLA | Q12: Edinaldo | R12: CD 116 | S12: Sim | T12: Mateus | U12: Varejo | V12: =IFERROR(VLOOKUP(Rotas_Geral[[#This Row],[Nome Loja]],#REF!,3,0),0) -> 0 | W12: =IFERROR(VLOOKUP(Rotas_Geral[[#This Row],[Nome Loja]],#REF!,4,0),0) -> 0 | X12: =IFERROR(VLOOKUP(Rotas_Geral[[#This Row],[Nome Loja]],#REF!,3,0),0) -> 0 | Y12: =IFERROR(VLOOKUP(Rotas_Geral[[#This Row],[Nome Loja]],#REF!,4,0),0) -> 0
A13: 9456 | B13: 424 | C13: CAMINO ROSARIO | D13: Camino Rosário | E13: VAGO | F13: MA Norte | G13: DEZ | H13: THIEUDE | J13: 17 | K13: MAT. GUAJAJ | L13: Tirirical | M13: VAGO | N13: Pat. Cristina | O13: JUL | P13: CARLA | Q13: Edinaldo | R13: CD 116 | S13: Não | T13: Mateus | U13: Mix | V13: =IFERROR(VLOOKUP(Rotas_Geral[[#This Row],[Nome Loja]],#REF!,3,0),0) -> 0 | W13: =IFERROR(VLOOKUP(Rotas_Geral[[#This Row],[Nome Loja]],#REF!,4,0),0) -> 0 | X13: =IFERROR(VLOOKUP(Rotas_Geral[[#This Row],[Nome Loja]],#REF!,3,0),0) -> 0 | Y13: =IFERROR(VLOOKUP(Rotas_Geral[[#This Row],[Nome Loja]],#REF!,4,0),0) -> 0
... A24: 15415 | B24: 446 | C24: Camino Santa Luzia | D24: Camino Santa Luzia | E24: VAGO | F24: MA Norte | G24: DEZ | H24: THIEUDE | J24: 30 | K24: MAT BACANGA | L24: Bacanga | M24: NATHALIA | N24: WILIANE | O24: JUL | P24: CARLA | Q24: Edinaldo | R24: CD 116 | S24: Sim | T24: Mateus | U24: Varejo | V24: =IFERROR(VLOOKUP(Rotas_Geral[[#This Row],[Nome Loja]],#REF!,3,0),0) -> 0 | W24: =IFERROR(VLOOKUP(Rotas_Geral[[#This Row],[Nome Loja]],#REF!,4,0),0) -> 0 | X24: =IFERROR(VLOOKUP(Rotas_Geral[[#This Row],[Nome Loja]],#REF!,3,0),0) -> 0 | Y24: =IFERROR(VLOOKUP(Rotas_Geral[[#This Row],[Nome Loja]],#REF!,4,0),0) -> 0
A25: #N/A | B25: 452 | C25: Camino Vitorino Freire | D25: Camino Vitorino Freire | E25: VAGO | F25: MA Norte | G25: DEZ | H25: EDINALDO | J25: 31 | K25: MAT PATIO | L25: Patio Norte | M25: ALEXANDRE | N25: Renata | O25: JUL | P25: CARLA | Q25: Edinaldo | R25: CD 116 | S25: Sim | T25: Mateus | U25: Varejo | V25: =IFERROR(VLOOKUP(Rotas_Geral[[#This Row],[Nome Loja]],#REF!,3,0),0) -> 0 | W25: =IFERROR(VLOOKUP(Rotas_Geral[[#This Row],[Nome Loja]],#REF!,4,0),0) -> 0 | X25: =IFERROR(VLOOKUP(Rotas_Geral[[#This Row],[Nome Loja]],#REF!,3,0),0) -> 0 | Y25: =IFERROR(VLOOKUP(Rotas_Geral[[#This Row],[Nome Loja]],#REF!,4,0),0) -> 0
A26: 17518 | B26: 450 | C26: Camino Ze Doca | D26: Camino Ze Doca | E26: VAGO | F26: MA Norte | G26: DEZ | H26: EDINALDO | J26: 32 | K26: MAT TIMON | L26: Mix Timon | M26: ÉRICA | N26: ÉRICA | O26: JUL | P26: LILIANE | Q26: Edinaldo | R26: CD 116 | S26: Sim | T26: Mateus | U26: Mix | V26: =IFERROR(VLOOKUP(Rotas_Geral[[#This Row],[Nome Loja]],#REF!,3,0),0) -> 0 | W26: =IFERROR(VLOOKUP(Rotas_Geral[[#This Row],[Nome Loja]],#REF!,4,0),0) -> 0 | X26: =IFERROR(VLOOKUP(Rotas_Geral[[#This Row],[Nome Loja]],#REF!,3,0),0) -> 0 | Y26: =IFERROR(VLOOKUP(Rotas_Geral[[#This Row],[Nome Loja]],#REF!,4,0),0) -> 0
A27: 19625 | B27: 47 | C27: MAT BACABAL | D27: Bacabal | E27: VAGO | F27: MA Norte | G27: DEZ | H27: THIEUDE | J27: 34 | K27: MAT JARDIM R | L27: Renascença | M27: RAYARA | N27: MAILANE | O27: JUL | P27: CARLA | Q27: Edinaldo | R27: CD 116 | S27: Sim | T27: Mateus | U27: Varejo | V27: =IFERROR(VLOOKUP(Rotas_Geral[[#This Row],[Nome Loja]],#REF!,3,0),0) -> 0 | W27: =IFERROR(VLOOKUP(Rotas_Geral[[#This Row],[Nome Loja]],#REF!,4,0),0) -> 0 | X27: =IFERROR(VLOOKUP(Rotas_Geral[[#This Row],[Nome Loja]],#REF!,3,0),0) -> 0 | Y27: =IFERROR(VLOOKUP(Rotas_Geral[[#This Row],[Nome Loja]],#REF!,4,0),0) -> 0
A28: 17580 | B28: 48 | C28: MAT MIX PEDR | D28: Mix Pedreiras | E28: VAGO | F28: MA Norte | G28: DEZ | H28: EDINALDO | J28: 35 | K28: MAT CASTANHA | L28: Sup Castanhal | M28: MARÍLIA | N28: MARÍLIA | O28: JUL | P28: THIEUDE | Q28: Edinaldo | R28: CD 106 | S28: Sim | T28: Mateus | U28: Varejo | V28: =IFERROR(VLOOKUP(Rotas_Geral[[#This Row],[Nome Loja]],#REF!,3,0),0) -> 0 | W28: =IFERROR(VLOOKUP(Rotas_Geral[[#This Row],[Nome Loja]],#REF!,4,0),0) -> 0 | X28: =IFERROR(VLOOKUP(Rotas_Geral[[#This Row],[Nome Loja]],#REF!,3,0),0) -> 0 | Y28: =IFERROR(VLOOKUP(Rotas_Geral[[#This Row],[Nome Loja]],#REF!,4,0),0) -> 0
A29: 19624 | B29: 91 | C29: MAT ST I MIX | D29: Mix Santa Inês | E29: BEATRIZ | F29: MA Norte | G29: DEZ | H29: THIEUDE | J29: 36 | K29: MAT ANANINDE | L29: Jaderlândia | M29: RENAN | N29: RENAN | O29: JUL | P29: THIEUDE | Q29: Edinaldo | R29: CD 106 | S29: Sim | T29: Mateus | U29: Varejo | V29: =IFERROR(VLOOKUP(Rotas_Geral[[#This Row],[Nome Loja]],#REF!,3,0),0) -> 0 | W29: =IFERROR(VLOOKUP(Rotas_Geral[[#This Row],[Nome Loja]],#REF!,4,0),0) -> 0 | X29: =IFERROR(VLOOKUP(Rotas_Geral[[#This Row],[Nome Loja]],#REF!,3,0),0) -> 0 | Y29: =IFERROR(VLOOKUP(Rotas_Geral[[#This Row],[Nome Loja]],#REF!,4,0),0) -> 0
A30: 19590 | B30: 3 | C30: MAT. S. INES | D30: Sup Santa Inês | E30: BEATRIZ | F30: MA Norte | G30: DEZ | H30: EDINALDO | J30: 37 | K30: MAT BELEM | L30: Mix Belém | M30: MARIA | N30: MARIA | O30: JUL | P30: THIEUDE | Q30: Edinaldo | R30: CD 106 | S30: Sim | T30: Mateus | U30: Mix | V30: =IFERROR(VLOOKUP(Rotas_Geral[[#This Row],[Nome Loja]],#REF!,3,0),0) -> 0 | W30: =IFERROR(VLOOKUP(Rotas_Geral[[#This Row],[Nome Loja]],#REF!,4,0),0) -> 0 | X30: =IFERROR(VLOOKUP(Rotas_Geral[[#This Row],[Nome Loja]],#REF!,3,0),0) -> 0 | Y30: =IFERROR(VLOOKUP(Rotas_Geral[[#This Row],[Nome Loja]],#REF!,4,0),0) -> 0
A31: 19288 | B31: 42 | C31: Pres Dutra | D31: Presidente Dutra | E31: RAYNARA | F31: MA Norte | G31: DEZ | H31: THIEUDE | J31: 38 | K31: Altamira | L31: Altamira | M31: VAGO | N31: VAGO | O31: JUL | P31: THIEUDE | Q31: Edinaldo | R31: CD 337 | S31: Não | T31: Mateus | U31: Varejo | V31: =IFERROR(VLOOKUP(Rotas_Geral[[#This Row],[Nome Loja]],#REF!,3,0),0) -> 0 | W31: =IFERROR(VLOOKUP(Rotas_Geral[[#This Row],[Nome Loja]],#REF!,4,0),0) -> 0 | X31: =IFERROR(VLOOKUP(Rotas_Geral[[#This Row],[Nome Loja]],#REF!,3,0),0) -> 0 | Y31: =IFERROR(VLOOKUP(Rotas_Geral[[#This Row],[Nome Loja]],#REF!,4,0),0) -> 0
A32: 1281 | B32: 428 | C32: RUANNA SUPER | D32: Ruanna Super | E32: VAGO | F32: MA Norte | G32: DEZ | H32: THIEUDE | J32: 39 | K32: MAT CHAPA | L32: Chapadinha | M32: ÉDINA | N32: ÉDINA | O32: JUL | P32: LILIANE | Q32: Edinaldo | R32: CD 116 | S32: Sim | T32: Mateus | U32: Mix | V32: =IFERROR(VLOOKUP(Rotas_Geral[[#This Row],[Nome Loja]],#REF!,3,0),0) -> 0 | W32: =IFERROR(VLOOKUP(Rotas_Geral[[#This Row],[Nome Loja]],#REF!,4,0),0) -> 0 | X32: =IFERROR(VLOOKUP(Rotas_Geral[[#This Row],[Nome Loja]],#REF!,3,0),0) -> 0 | Y32: =IFERROR(VLOOKUP(Rotas_Geral[[#This Row],[Nome Loja]],#REF!,4,0),0) -> 0
A33: 1282 | B33: 458 | C33: Camino Itinga | D33: Camino Itinga | E33: Vago | F33: Vago | G33: DEZ | H33: THIEUDE | J33: 40 | K33: Barra do Corda | L33: Barra do Corda | M33: VAGO | N33: VAGO | O33: JUL | P33: LILIANE | Q33: Edinaldo | R33: CD 87 | S33: Não | T33: Mateus | U33: Varejo | V33: =IFERROR(VLOOKUP(Rotas_Geral[[#This Row],[Nome Loja]],#REF!,3,0),0) -> 0 | W33: =IFERROR(VLOOKUP(Rotas_Geral[[#This Row],[Nome Loja]],#REF!,4,0),0) -> 0 | X33: =IFERROR(VLOOKUP(Rotas_Geral[[#This Row],[Nome Loja]],#REF!,3,0),0) -> 0 | Y33: =IFERROR(VLOOKUP(Rotas_Geral[[#This Row],[Nome Loja]],#REF!,4,0),0) -> 0
A34: 1284 | B34: 414 | C34: CAMINO ESTREITO | D34: Camino Estreito | E34: VAGO | F34: MA Sul | G34: DEZ | H34: THIEUDE | J34: 41 | K34: CAXIAS | L34: Caxias | M34: F. MAGDA | N34: F. Magda | O34: JUL | P34: LILIANE | Q34: Edinaldo | R34: CD 116 | S34: Sim | T34: Mateus | U34: Mix | V34: =IFERROR(VLOOKUP(Rotas_Geral[[#This Row],[Nome Loja]],#REF!,3,0),0) -> 0 | W34: =IFERROR(VLOOKUP(Rotas_Geral[[#This Row],[Nome Loja]],#REF!,4,0),0) -> 0 | X34: =IFERROR(VLOOKUP(Rotas_Geral[[#This Row],[Nome Loja]],#REF!,3,0),0) -> 0 | Y34: =IFERROR(VLOOKUP(Rotas_Geral[[#This Row],[Nome Loja]],#REF!,4,0),0) -> 0
A35: 3897 | B35: 44 | C35: Babaçulândia | D35: Babaçulândia | E35: DEYMERSON | F35: MA Sul | G35: DEZ | H35: THIEUDE | J35: 42 | K35: Pres Dutra | L35: Presidente Dutra | M35: VAGO | N35: VAGO | O35: JUL | P35: LILIANE | Q35: Edinaldo | R35: CD 87 | S35: Não | T35: Mateus | U35: Varejo | V35: =IFERROR(VLOOKUP(Rotas_Geral[[#This Row],[Nome Loja]],#REF!,3,0),0) -> 0 | W35: =IFERROR(VLOOKUP(Rotas_Geral[[#This Row],[Nome Loja]],#REF!,4,0),0) -> 0 | X35: =IFERROR(VLOOKUP(Rotas_Geral[[#This Row],[Nome Loja]],#REF!,3,0),0) -> 0 | Y35: =IFERROR(VLOOKUP(Rotas_Geral[[#This Row],[Nome Loja]],#REF!,4,0),0) -> 0
A36: 17050 | B36: 432 | C36: CAMINO CAROLINA | D36: Camino Carolina | E36: VAGO | F36: MA Sul | G36: DEZ | H36: THIEUDE | J36: 44 | K36: Babaçulândia | L36: Babaçulândia | M36: NARGILA | N36: ANGELA | O36: JUL | P36: THIEUDE | Q36: Edinaldo | R36: CD 87 | S36: Sim | T36: Mateus | U36: Mix | V36: =IFERROR(VLOOKUP(Rotas_Geral[[#This Row],[Nome Loja]],#REF!,3,0),0) -> 0 | W36: =IFERROR(VLOOKUP(Rotas_Geral[[#This Row],[Nome Loja]],#REF!,4,0),0) -> 0 | X36: =IFERROR(VLOOKUP(Rotas_Geral[[#This Row],[Nome Loja]],#REF!,3,0),0) -> 0 | Y36: =IFERROR(VLOOKUP(Rotas_Geral[[#This Row],[Nome Loja]],#REF!,4,0),0) -> 0
A37: 17510 | B37: 438 | C37: CAMINO GRAJAU | D37: Camino Grajaú | E37: VAGO | F37: MA Sul | G37: DEZ | H37: THIEUDE | J37: 45 | K37: MATEUS MARAN | L37: Marambaia | M37: RENAN | N37: RENAN | O37: JUL | P37: THIEUDE | Q37: Edinaldo | R37: CD 106 | S37: Sim | T37: Mateus | U37: Varejo | V37: =IFERROR(VLOOKUP(Rotas_Geral[[#This Row],[Nome Loja]],#REF!,3,0),0) -> 0 | W37: =IFERROR(VLOOKUP(Rotas_Geral[[#This Row],[Nome Loja]],#REF!,4,0),0) -> 0 | X37: =IFERROR(VLOOKUP(Rotas_Geral[[#This Row],[Nome Loja]],#REF!,3,0),0) -> 0 | Y37: =IFERROR(VLOOKUP(Rotas_Geral[[#This Row],[Nome Loja]],#REF!,4,0),0) -> 0
... A40: 2645 | B40: 2 | C40: MAT. I. CE | D40: Ceará | E40: ANGELA | F40: MA Sul | G40: DEZ | H40: THIEUDE | J40: 48 | K40: MAT MIX PEDR | L40: Mix Pedreiras | M40: VAGO | N40: VAGO | O40: JUL | P40: LILIANE | Q40: Edinaldo | R40: CD 116 | S40: Não | T40: Mateus | U40: Mix | V40: =IFERROR(VLOOKUP(Rotas_Geral[[#This Row],[Nome Loja]],#REF!,3,0),0) -> 0 | W40: =IFERROR(VLOOKUP(Rotas_Geral[[#This Row],[Nome Loja]],#REF!,4,0),0) -> 0 | X40: =IFERROR(VLOOKUP(Rotas_Geral[[#This Row],[Nome Loja]],#REF!,3,0),0) -> 0 | Y40: =IFERROR(VLOOKUP(Rotas_Geral[[#This Row],[Nome Loja]],#REF!,4,0),0) -> 0
B41: 4 | C41: MAT. I. GOIA | D41: Goiás | E41: ANGELA | F41: MA Sul | G41: DEZ | H41: THIEUDE | J41: 49 | K41: MAT CAST MIX | L41: Mix Castanhal | M41: MARÍLIA | N41: MARÍLIA | O41: JUL | P41: THIEUDE | Q41: Edinaldo | R41: CD 106 | S41: Sim | T41: Mateus | U41: Mix | V41: =IFERROR(VLOOKUP(Rotas_Geral[[#This Row],[Nome Loja]],#REF!,3,0),0) -> 0 | W41: =IFERROR(VLOOKUP(Rotas_Geral[[#This Row],[Nome Loja]],#REF!,4,0),0) -> 0 | X41: =IFERROR(VLOOKUP(Rotas_Geral[[#This Row],[Nome Loja]],#REF!,3,0),0) -> 0 | Y41: =IFERROR(VLOOKUP(Rotas_Geral[[#This Row],[Nome Loja]],#REF!,4,0),0) -> 0
A42: #N/A | B42: 92 | C42: MATEUS BAC 2 | D42: Bacuri | E42: RARIEL | F42: MA Sul | G42: DEZ | H42: THIEUDE | J42: 50 | K42: Abaetetuba | L42: Abaetetuba | M42: VAGO | N42: VAGO | O42: JUL | P42: THIEUDE | Q42: Edinaldo | R42: CD 106 | S42: Não | T42: Mateus | U42: Varejo | V42: =IFERROR(VLOOKUP(Rotas_Geral[[#This Row],[Nome Loja]],#REF!,3,0),0) -> 0 | W42: =IFERROR(VLOOKUP(Rotas_Geral[[#This Row],[Nome Loja]],#REF!,4,0),0) -> 0 | X42: =IFERROR(VLOOKUP(Rotas_Geral[[#This Row],[Nome Loja]],#REF!,3,0),0) -> 0 | Y42: =IFERROR(VLOOKUP(Rotas_Geral[[#This Row],[Nome Loja]],#REF!,4,0),0) -> 0
A43: #N/A | B43: 95 | C43: MATEUS RODOV | D43: Tamandaré | E43: RARIEL | F43: MA Sul | G43: DEZ | H43: THIEUDE | J43: 51 | K43: MARITUBA | L43: Marituba | M43: RENAN | N43: DIEGO | O43: JUL | P43: THIEUDE | Q43: Edinaldo | R43: CD 106 | S43: Sim | T43: Mateus | U43: Varejo | V43: =IFERROR(VLOOKUP(Rotas_Geral[[#This Row],[Nome Loja]],#REF!,3,0),0) -> 0 | W43: =IFERROR(VLOOKUP(Rotas_Geral[[#This Row],[Nome Loja]],#REF!,4,0),0) -> 0 | X43: =IFERROR(VLOOKUP(Rotas_Geral[[#This Row],[Nome Loja]],#REF!,3,0),0) -> 0 | Y43: =IFERROR(VLOOKUP(Rotas_Geral[[#This Row],[Nome Loja]],#REF!,4,0),0) -> 0
A44: #N/A | B44: 52 | C44: Mix Açailandia | D44: Mix Açailândia | E44: ANDRESSA | F44: MA Sul | G44: DEZ | H44: THIEUDE | J44: 52 | K44: Mix Açailandia | L44: Mix Açailândia | M44: ISRAEL | N44: ISRAEL | O44: JUL | P44: THIEUDE | Q44: Edinaldo | R44: CD 87 | S44: Sim | T44: Mateus | U44: Mix | V44: =IFERROR(VLOOKUP(Rotas_Geral[[#This Row],[Nome Loja]],#REF!,3,0),0) -> 0 | W44: =IFERROR(VLOOKUP(Rotas_Geral[[#This Row],[Nome Loja]],#REF!,4,0),0) -> 0 | X44: =IFERROR(VLOOKUP(Rotas_Geral[[#This Row],[Nome Loja]],#REF!,3,0),0) -> 0 | Y44: =IFERROR(VLOOKUP(Rotas_Geral[[#This Row],[Nome Loja]],#REF!,4,0),0) -> 0
A45: #N/A | B45: 94 | C45: Mix Balsas | D45: Mix Balsas | E45: ROSICLEIA | F45: MA Sul | G45: DEZ | H45: THIEUDE | J45: 87 | K45: CD 87 | L45: CD 87 | M45: NARGILA | N45: NARGILA | O45: JUL | P45: Lucas | Q45: Vago | R45: CD 87 | S45: Sim | T45: Mateus | U45: CD | V45: =IFERROR(VLOOKUP(Rotas_Geral[[#This Row],[Nome Loja]],#REF!,3,0),0) -> 0 | W45: =IFERROR(VLOOKUP(Rotas_Geral[[#This Row],[Nome Loja]],#REF!,4,0),0) -> 0 | X45: =IFERROR(VLOOKUP(Rotas_Geral[[#This Row],[Nome Loja]],#REF!,3,0),0) -> 0 | Y45: =IFERROR(VLOOKUP(Rotas_Geral[[#This Row],[Nome Loja]],#REF!,4,0),0) -> 0
A46: #N/A | B46: 213 | C46: Super Estreito | D46: Super Estreito | E46: VAGO | F46: MA Sul | G46: DEZ | H46: THIEUDE | J46: 91 | K46: MAT ST I MIX | L46: Mix Santa Inês | M46: BEATRIZ | N46: BEATRIZ | O46: JUL | P46: LILIANE | Q46: Edinaldo | R46: CD 116 | S46: Sim | T46: Mateus | U46: Mix | V46: =IFERROR(VLOOKUP(Rotas_Geral[[#This Row],[Nome Loja]],#REF!,3,0),0) -> 0 | W46: =IFERROR(VLOOKUP(Rotas_Geral[[#This Row],[Nome Loja]],#REF!,4,0),0) -> 0 | X46: =IFERROR(VLOOKUP(Rotas_Geral[[#This Row],[Nome Loja]],#REF!,3,0),0) -> 0 | Y46: =IFERROR(VLOOKUP(Rotas_Geral[[#This Row],[Nome Loja]],#REF!,4,0),0) -> 0
A47: #N/A | B47: 50 | C47: Abaetetuba | D47: Abaetetuba | E47: VAGO | F47: Pará Norte | G47: DEZ | H47: THIEUDE | J47: 92 | K47: MATEUS BAC 2 | L47: Bacuri | M47: RARIEL | N47: ANGELA | O47: JUL | P47: THIEUDE | Q47: Edinaldo | R47: CD 87 | S47: Sim | T47: Mateus | U47: Mix | V47: =IFERROR(VLOOKUP(Rotas_Geral[[#This Row],[Nome Loja]],#REF!,3,0),0) -> 0 | W47: =IFERROR(VLOOKUP(Rotas_Geral[[#This Row],[Nome Loja]],#REF!,4,0),0) -> 0 | X47: =IFERROR(VLOOKUP(Rotas_Geral[[#This Row],[Nome Loja]],#REF!,3,0),0) -> 0 | Y47: =IFERROR(VLOOKUP(Rotas_Geral[[#This Row],[Nome Loja]],#REF!,4,0),0) -> 0
A48: 12564 | B48: 204 | C48: BARCARENA | D48: Barcarena | E48: Intermitente Barcarena | F48: Pará Norte | G48: DEZ | H48: EDINALDO | J48: 93 | K48: MATEUS MAIOB | L48: Maiobão | M48: VAGO | N48: Renata | O48: JUL | P48: CARLA | Q48: Edinaldo | R48: CD 116 | S48: Não | T48: Mateus | U48: Mix | V48: =IFERROR(VLOOKUP(Rotas_Geral[[#This Row],[Nome Loja]],#REF!,3,0),0) -> 0 | W48: =IFERROR(VLOOKUP(Rotas_Geral[[#This Row],[Nome Loja]],#REF!,4,0),0) -> 0 | X48: =IFERROR(VLOOKUP(Rotas_Geral[[#This Row],[Nome Loja]],#REF!,3,0),0) -> 0 | Y48: =IFERROR(VLOOKUP(Rotas_Geral[[#This Row],[Nome Loja]],#REF!,4,0),0) -> 0
A49: 12569 | B49: 267 | C49: Bragança | D49: Bragança | E49: VAGO | F49: Pará Norte | G49: DEZ | H49: EDINALDO | J49: 94 | K49: Mix Balsas | L49: Mix Balsas | M49: ROSICLEIA | N49: ROSICLEIA | O49: JUL | P49: THIEUDE | Q49: Edinaldo | R49: CD 87 | S49: Sim | T49: Mateus | U49: Mix | V49: =IFERROR(VLOOKUP(Rotas_Geral[[#This Row],[Nome Loja]],#REF!,3,0),0) -> 0 | W49: =IFERROR(VLOOKUP(Rotas_Geral[[#This Row],[Nome Loja]],#REF!,4,0),0) -> 0 | X49: =IFERROR(VLOOKUP(Rotas_Geral[[#This Row],[Nome Loja]],#REF!,3,0),0) -> 0 | Y49: =IFERROR(VLOOKUP(Rotas_Geral[[#This Row],[Nome Loja]],#REF!,4,0),0) -> 0
A50: 12575 | B50: 449 | C50: Camino Goianesia | D50: Camino Goianesia | E50: VAGO | F50: Pará Norte | G50: DEZ | H50: EDINALDO | J50: 95 | K50: MATEUS RODOV | L50: Tamandaré | M50: RARIEL | N50: ANGELA | O50: JUL | P50: THIEUDE | Q50: Edinaldo | R50: CD 87 | S50: Sim | T50: Mateus | U50: Mix | V50: =IFERROR(VLOOKUP(Rotas_Geral[[#This Row],[Nome Loja]],#REF!,3,0),0) -> 0 | W50: =IFERROR(VLOOKUP(Rotas_Geral[[#This Row],[Nome Loja]],#REF!,4,0),0) -> 0 | X50: =IFERROR(VLOOKUP(Rotas_Geral[[#This Row],[Nome Loja]],#REF!,3,0),0) -> 0 | Y50: =IFERROR(VLOOKUP(Rotas_Geral[[#This Row],[Nome Loja]],#REF!,4,0),0) -> 0
A51: 13777 | B51: 263 | C51: Mario Covas | D51: Mario Covas | E51: Cleane | F51: Pará Norte | G51: DEZ | H51: EDINALDO | J51: 96 | K51: MAT. JOAO PA | L51: João Paulo | M51: VAGO | N51: WILIANE | O51: JUL | P51: CARLA | Q51: Edinaldo | R51: CD 116 | S51: Não | T51: Mateus | U51: Mix | V51: =IFERROR(VLOOKUP(Rotas_Geral[[#This Row],[Nome Loja]],#REF!,3,0),0) -> 0 | W51: =IFERROR(VLOOKUP(Rotas_Geral[[#This Row],[Nome Loja]],#REF!,4,0),0) -> 0 | X51: =IFERROR(VLOOKUP(Rotas_Geral[[#This Row],[Nome Loja]],#REF!,3,0),0) -> 0 | Y51: =IFERROR(VLOOKUP(Rotas_Geral[[#This Row],[Nome Loja]],#REF!,4,0),0) -> 0
A52: 14569 | B52: 51 | C52: MARITUBA | D52: Marituba | E52: NAYARA | F52: Pará Norte | G52: DEZ | H52: EDINALDO | J52: 97 | K52: Mat Livram | L52: Ceasa Teresina | M52: ÉRICA | N52: ÉRICA | O52: JUL | P52: LILIANE | Q52: Edinaldo | R52: CD 116 | S52: Sim | T52: Mateus | U52: Mix | V52: =IFERROR(VLOOKUP(Rotas_Geral[[#This Row],[Nome Loja]],#REF!,3,0),0) -> 0 | W52: =IFERROR(VLOOKUP(Rotas_Geral[[#This Row],[Nome Loja]],#REF!,4,0),0) -> 0 | X52: =IFERROR(VLOOKUP(Rotas_Geral[[#This Row],[Nome Loja]],#REF!,3,0),0) -> 0 | Y52: =IFERROR(VLOOKUP(Rotas_Geral[[#This Row],[Nome Loja]],#REF!,4,0),0) -> 0
A53: 14545 | B53: 36 | C53: MAT ANANINDE | D53: Jaderlândia | E53: RENAN | F53: Pará Norte | G53: DEZ | H53: EDINALDO | J53: 99 | K53: MAT MIX PINH | L53: Mix Pinheiro | M53: VAGO | N53: VAGO | O53: JUL | P53: LILIANE | Q53: Edinaldo | R53: CD 116 | S53: Não | T53: Mateus | U53: Mix | V53: =IFERROR(VLOOKUP(Rotas_Geral[[#This Row],[Nome Loja]],#REF!,3,0),0) -> 0 | W53: =IFERROR(VLOOKUP(Rotas_Geral[[#This Row],[Nome Loja]],#REF!,4,0),0) -> 0 | X53: =IFERROR(VLOOKUP(Rotas_Geral[[#This Row],[Nome Loja]],#REF!,3,0),0) -> 0 | Y53: =IFERROR(VLOOKUP(Rotas_Geral[[#This Row],[Nome Loja]],#REF!,4,0),0) -> 0
A54: 14602 | B54: 37 | C54: MAT BELEM | D54: Mix Belém | E54: MISSILENE | F54: Pará Norte | G54: DEZ | H54: EDINALDO | J54: 106 | K54: CD 106 | L54: CD 106 | M54: VAGO | N54: VAGO | O54: JUL | P54: Vago | Q54: Edinaldo | R54: CD 106 | S54: Sim | T54: Mateus | U54: CD | V54: =IFERROR(VLOOKUP(Rotas_Geral[[#This Row],[Nome Loja]],#REF!,3,0),0) -> 0 | W54: =IFERROR(VLOOKUP(Rotas_Geral[[#This Row],[Nome Loja]],#REF!,4,0),0) -> 0 | X54: =IFERROR(VLOOKUP(Rotas_Geral[[#This Row],[Nome Loja]],#REF!,3,0),0) -> 0 | Y54: =IFERROR(VLOOKUP(Rotas_Geral[[#This Row],[Nome Loja]],#REF!,4,0),0) -> 0
A55: 15748 | B55: 49 | C55: MAT CAST MIX | D55: Mix Castanhal | E55: MARÍLIA | F55: Pará Norte | G55: DEZ | H55: EDINALDO | J55: 116 | K55: CD 116 | L55: CD 116 | M55: WILLIAM | N55: WILLIAM | O55: JUL | P55: Lucas | Q55: Vago | R55: CD 116 | S55: Sim | T55: Mateus | U55: CD | V55: =IFERROR(VLOOKUP(Rotas_Geral[[#This Row],[Nome Loja]],#REF!,3,0),0) -> 0 | W55: =IFERROR(VLOOKUP(Rotas_Geral[[#This Row],[Nome Loja]],#REF!,4,0),0) -> 0 | X55: =IFERROR(VLOOKUP(Rotas_Geral[[#This Row],[Nome Loja]],#REF!,3,0),0) -> 0 | Y55: =IFERROR(VLOOKUP(Rotas_Geral[[#This Row],[Nome Loja]],#REF!,4,0),0) -> 0
A56: 19243 | B56: 35 | C56: MAT CASTANHA | D56: Sup Castanhal | E56: MARÍLIA | F56: Pará Norte | G56: DEZ | H56: EDINALDO | J56: 200 | K56: SUPER ANIL | L56: Super Anil | M56: AMANDA | N56: WILIANE | O56: JUL | P56: CARLA | Q56: Edinaldo | R56: CD 116 | S56: Sim | T56: Mateus | U56: Varejo | V56: =IFERROR(VLOOKUP(Rotas_Geral[[#This Row],[Nome Loja]],#REF!,3,0),0) -> 0 | W56: =IFERROR(VLOOKUP(Rotas_Geral[[#This Row],[Nome Loja]],#REF!,4,0),0) -> 0 | X56: =IFERROR(VLOOKUP(Rotas_Geral[[#This Row],[Nome Loja]],#REF!,3,0),0) -> 0 | Y56: =IFERROR(VLOOKUP(Rotas_Geral[[#This Row],[Nome Loja]],#REF!,4,0),0) -> 0
A57: 20207 | B57: 46 | C57: MAT MAGUARI | D57: Maguari | E57: NAYARA | F57: Pará Norte | G57: DEZ | H57: EDINALDO | J57: 201 | K57: Super Cohatrac | L57: Super Cohatrac | M57: AMANDA | N57: Pat. Cristina | O57: JUL | P57: CARLA | Q57: Edinaldo | R57: CD 116 | S57: Sim | T57: Mateus | U57: Varejo | V57: =IFERROR(VLOOKUP(Rotas_Geral[[#This Row],[Nome Loja]],#REF!,3,0),0) -> 0 | W57: =IFERROR(VLOOKUP(Rotas_Geral[[#This Row],[Nome Loja]],#REF!,4,0),0) -> 0 | X57: =IFERROR(VLOOKUP(Rotas_Geral[[#This Row],[Nome Loja]],#REF!,3,0),0) -> 0 | Y57: =IFERROR(VLOOKUP(Rotas_Geral[[#This Row],[Nome Loja]],#REF!,4,0),0) -> 0
B58: 256 | C58: Mateus Capanema | D58: Capanema | E58: VAGO | F58: Pará Norte | G58: DEZ | H58: EDINALDO | J58: 202 | K58: MAT CODO | L58: Codó | M58: VAGO | N58: VAGO | O58: JUL | P58: LILIANE | Q58: Edinaldo | R58: CD 116 | S58: Não | T58: Mateus | U58: Varejo | V58: =IFERROR(VLOOKUP(Rotas_Geral[[#This Row],[Nome Loja]],#REF!,3,0),0) -> 0 | W58: =IFERROR(VLOOKUP(Rotas_Geral[[#This Row],[Nome Loja]],#REF!,4,0),0) -> 0 | X58: =IFERROR(VLOOKUP(Rotas_Geral[[#This Row],[Nome Loja]],#REF!,3,0),0) -> 0 | Y58: =IFERROR(VLOOKUP(Rotas_Geral[[#This Row],[Nome Loja]],#REF!,4,0),0) -> 0
B59: 257 | C59: MATEUS COQUEIRO | D59: Coqueiro | E59: Cleane | F59: Pará Norte | G59: DEZ | H59: EDINALDO | J59: 203 | K59: MATEUS TAILANDIA | L59: Tailandia | M59: VAGO | N59: VAGO | O59: JUL | P59: THIEUDE | Q59: Edinaldo | R59: CD 106 | S59: Não | T59: Mateus | U59: Varejo | V59: =IFERROR(VLOOKUP(Rotas_Geral[[#This Row],[Nome Loja]],#REF!,3,0),0) -> 0 | W59: =IFERROR(VLOOKUP(Rotas_Geral[[#This Row],[Nome Loja]],#REF!,4,0),0) -> 0 | X59: =IFERROR(VLOOKUP(Rotas_Geral[[#This Row],[Nome Loja]],#REF!,3,0),0) -> 0 | Y59: =IFERROR(VLOOKUP(Rotas_Geral[[#This Row],[Nome Loja]],#REF!,4,0),0) -> 0
A60: 10567 | B60: 45 | C60: MATEUS MARAN | D60: Marambaia | E60: RENAN | F60: Pará Norte | G60: DEZ | H60: EDINALDO | J60: 204 | K60: BARCARENA | L60: Barcarena | M60: VAGO | N60: VAGO | O60: JUL | P60: THIEUDE | Q60: Edinaldo | R60: CD 106 | S60: Não | T60: Mateus | U60: Varejo | V60: =IFERROR(VLOOKUP(Rotas_Geral[[#This Row],[Nome Loja]],#REF!,3,0),0) -> 0 | W60: =IFERROR(VLOOKUP(Rotas_Geral[[#This Row],[Nome Loja]],#REF!,4,0),0) -> 0 | X60: =IFERROR(VLOOKUP(Rotas_Geral[[#This Row],[Nome Loja]],#REF!,3,0),0) -> 0 | Y60: =IFERROR(VLOOKUP(Rotas_Geral[[#This Row],[Nome Loja]],#REF!,4,0),0) -> 0
A61: 10566 | B61: 203 | C61: MATEUS TAILANDIA | D61: Tailandia | E61: VAGO | F61: Pará Norte | G61: DEZ | H61: EDINALDO | J61: 207 | K61: Buriticupu | L61: Buriticupu | M61: VAGO | N61: VAGO | O61: JUL | P61: THIEUDE | Q61: Edinaldo | R61: CD 87 | S61: Sim | T61: Mateus | U61: Mix | V61: =IFERROR(VLOOKUP(Rotas_Geral[[#This Row],[Nome Loja]],#REF!,3,0),0) -> 0 | W61: =IFERROR(VLOOKUP(Rotas_Geral[[#This Row],[Nome Loja]],#REF!,4,0),0) -> 0 | X61: =IFERROR(VLOOKUP(Rotas_Geral[[#This Row],[Nome Loja]],#REF!,3,0),0) -> 0 | Y61: =IFERROR(VLOOKUP(Rotas_Geral[[#This Row],[Nome Loja]],#REF!,4,0),0) -> 0
A62: 10533 | B62: 268 | C62: Paragominas | D62: Paragominas | E62: VAGO | F62: Pará Norte | G62: DEZ | H62: EDINALDO | J62: 208 | K62: Canaa | L62: Canaa | M62: VAGO | N62: JOSILEIA | O62: JUL | P62: THIEUDE | Q62: Edinaldo | R62: CD 337 | S62: Não | T62: Mateus | U62: Varejo | V62: =IFERROR(VLOOKUP(Rotas_Geral[[#This Row],[Nome Loja]],#REF!,3,0),0) -> 0 | W62: =IFERROR(VLOOKUP(Rotas_Geral[[#This Row],[Nome Loja]],#REF!,4,0),0) -> 0 | X62: =IFERROR(VLOOKUP(Rotas_Geral[[#This Row],[Nome Loja]],#REF!,3,0),0) -> 0 | Y62: =IFERROR(VLOOKUP(Rotas_Geral[[#This Row],[Nome Loja]],#REF!,4,0),0) -> 0
A63: 12466 | B63: 253 | C63: Pedreira | D63: Pedreira | E63: MARIA | F63: Pará Norte | G63: DEZ | H63: EDINALDO | J63: 211 | K63: MAT PIRIPIRI | L63: Piripiri | M63: VAGO | N63: VAGO | O63: JUL | P63: LILIANE | Q63: Edinaldo | R63: CD 116 | S63: Não | T63: Mateus | U63: Varejo | V63: =IFERROR(VLOOKUP(Rotas_Geral[[#This Row],[Nome Loja]],#REF!,3,0),0) -> 0 | W63: =IFERROR(VLOOKUP(Rotas_Geral[[#This Row],[Nome Loja]],#REF!,4,0),0) -> 0 | X63: =IFERROR(VLOOKUP(Rotas_Geral[[#This Row],[Nome Loja]],#REF!,3,0),0) -> 0 | Y63: =IFERROR(VLOOKUP(Rotas_Geral[[#This Row],[Nome Loja]],#REF!,4,0),0) -> 0
A64: 11081 | B64: 464 | C64: Camino Tomé Açu | D64: Camino Tomé Açu | E64: VAGO | F64: Pará Norte | G64: DEZ | H64: EDINALDO | J64: 213 | K64: Super Estreito | L64: Super Estreito | M64: VAGO | N64: VAGO | O64: JUL | P64: THIEUDE | Q64: Edinaldo | R64: CD 87 | S64: Não | T64: Mateus | U64: Varejo | V64: =IFERROR(VLOOKUP(Rotas_Geral[[#This Row],[Nome Loja]],#REF!,3,0),0) -> 0 | W64: =IFERROR(VLOOKUP(Rotas_Geral[[#This Row],[Nome Loja]],#REF!,4,0),0) -> 0 | X64: =IFERROR(VLOOKUP(Rotas_Geral[[#This Row],[Nome Loja]],#REF!,3,0),0) -> 0 | Y64: =IFERROR(VLOOKUP(Rotas_Geral[[#This Row],[Nome Loja]],#REF!,4,0),0) -> 0
A65: #N/A | B65: 38 | C65: Altamira | D65: Altamira | E65: VAGO | F65: Pará Sul | G65: DEZ | H65: EDINALDO | J65: 222 | K65: BOM B.132 | L65: Bom Preço 132 | M65: VAGO | N65: VAGO | O65: JUL | P65: CARLA | Q65: Edinaldo | R65: Extra | S65: Sim | T65: Bom Preço | U65: Varejo | V65: =IFERROR(VLOOKUP(Rotas_Geral[[#This Row],[Nome Loja]],#REF!,3,0),0) -> 0 | W65: =IFERROR(VLOOKUP(Rotas_Geral[[#This Row],[Nome Loja]],#REF!,4,0),0) -> 0 | X65: =IFERROR(VLOOKUP(Rotas_Geral[[#This Row],[Nome Loja]],#REF!,3,0),0) -> 0 | Y65: =IFERROR(VLOOKUP(Rotas_Geral[[#This Row],[Nome Loja]],#REF!,4,0),0) -> 0
A66: 19242 | B66: 437 | C66: CAMINO ARARAGUAIA | D66: Camino Araraguaia | E66: VAGO | F66: Pará Sul | G66: DEZ | H66: EDINALDO | J66: 225 | K66: BOM B.134 | L66: Bom Preço 134 | M66: VAGO | N66: VAGO | O66: JUL | P66: CARLA | Q66: Edinaldo | R66: Extra | S66: Sim | T66: Bom Preço | U66: Varejo | V66: =IFERROR(VLOOKUP(Rotas_Geral[[#This Row],[Nome Loja]],#REF!,3,0),0) -> 0 | W66: =IFERROR(VLOOKUP(Rotas_Geral[[#This Row],[Nome Loja]],#REF!,4,0),0) -> 0 | X66: =IFERROR(VLOOKUP(Rotas_Geral[[#This Row],[Nome Loja]],#REF!,3,0),0) -> 0 | Y66: =IFERROR(VLOOKUP(Rotas_Geral[[#This Row],[Nome Loja]],#REF!,4,0),0) -> 0
A67: 19318 | B67: 453 | C67: Camino Itupiranga | D67: Camino Itupiranga | E67: VAGO | F67: Pará Sul | G67: DEZ | H67: EDINALDO | J67: 251 | K67: Mat Parnai | L67: Parnaíba | M67: SANDRA | N67: SANDRA | O67: JUL | P67: LILIANE | Q67: Edinaldo | R67: CD 116 | S67: Sim | T67: Mateus | U67: Mix | V67: =IFERROR(VLOOKUP(Rotas_Geral[[#This Row],[Nome Loja]],#REF!,3,0),0) -> 0 | W67: =IFERROR(VLOOKUP(Rotas_Geral[[#This Row],[Nome Loja]],#REF!,4,0),0) -> 0 | X67: =IFERROR(VLOOKUP(Rotas_Geral[[#This Row],[Nome Loja]],#REF!,3,0),0) -> 0 | Y67: =IFERROR(VLOOKUP(Rotas_Geral[[#This Row],[Nome Loja]],#REF!,4,0),0) -> 0
B68: 416 | C68: CAMINO JACUNDA | D68: Camino Jacunda | E68: VAGO | F68: Pará Sul | G68: DEZ | H68: EDINALDO | J68: 252 | K68: Mat Zequin | L68: Teresina | M68: SHEYLA | N68: SHEYLA | O68: JUL | P68: LILIANE | Q68: Edinaldo | R68: CD 116 | S68: Sim | T68: Mateus | U68: Mix | V68: =IFERROR(VLOOKUP(Rotas_Geral[[#This Row],[Nome Loja]],#REF!,3,0),0) -> 0 | W68: =IFERROR(VLOOKUP(Rotas_Geral[[#This Row],[Nome Loja]],#REF!,4,0),0) -> 0 | X68: =IFERROR(VLOOKUP(Rotas_Geral[[#This Row],[Nome Loja]],#REF!,3,0),0) -> 0 | Y68: =IFERROR(VLOOKUP(Rotas_Geral[[#This Row],[Nome Loja]],#REF!,4,0),0) -> 0
A69: 20831 | B69: 430 | C69: CAMINO RONDON | D69: Camino Rondon | E69: VAGO | F69: Pará Sul | G69: DEZ | H69: EDINALDO | J69: 253 | K69: Pedreira | L69: Pedreira | M69: MARIA | N69: MARIA | O69: JUL | P69: THIEUDE | Q69: Edinaldo | R69: CD 106 | S69: Sim | T69: Mateus | U69: Mix | V69: =IFERROR(VLOOKUP(Rotas_Geral[[#This Row],[Nome Loja]],#REF!,3,0),0) -> 0 | W69: =IFERROR(VLOOKUP(Rotas_Geral[[#This Row],[Nome Loja]],#REF!,4,0),0) -> 0 | X69: =IFERROR(VLOOKUP(Rotas_Geral[[#This Row],[Nome Loja]],#REF!,3,0),0) -> 0 | Y69: =IFERROR(VLOOKUP(Rotas_Geral[[#This Row],[Nome Loja]],#REF!,4,0),0) -> 0
A70: 19322 | B70: 426 | C70: CAMINO SÃO FELIX | D70: Camino São Feliz | E70: VAGO | F70: Pará Sul | G70: DEZ | H70: EDINALDO | J70: 254 | K70: MATEUS CARAJAS | L70: Carajás | M70: VAGO | N70: JOSILEIA | O70: JUL | P70: THIEUDE | Q70: Edinaldo | R70: CD 337 | S70: Não | T70: Mateus | U70: Varejo | V70: =IFERROR(VLOOKUP(Rotas_Geral[[#This Row],[Nome Loja]],#REF!,3,0),0) -> 0 | W70: =IFERROR(VLOOKUP(Rotas_Geral[[#This Row],[Nome Loja]],#REF!,4,0),0) -> 0 | X70: =IFERROR(VLOOKUP(Rotas_Geral[[#This Row],[Nome Loja]],#REF!,3,0),0) -> 0 | Y70: =IFERROR(VLOOKUP(Rotas_Geral[[#This Row],[Nome Loja]],#REF!,4,0),0) -> 0
A71: 20799 | B71: 423 | C71: CAMINO TUCUMA | D71: Camino Tucumã | E71: VAGO | F71: Pará Sul | G71: DEZ | H71: EDINALDO | J71: 255 | K71: MAT ARAÇAGI | L71: Araçagi | M71: VAGO | N71: Kelsiane | O71: JUL | P71: CARLA | Q71: Edinaldo | R71: CD 116 | S71: Não | T71: Mateus | U71: Mix | V71: =IFERROR(VLOOKUP(Rotas_Geral[[#This Row],[Nome Loja]],#REF!,3,0),0) -> 0 | W71: =IFERROR(VLOOKUP(Rotas_Geral[[#This Row],[Nome Loja]],#REF!,4,0),0) -> 0 | X71: =IFERROR(VLOOKUP(Rotas_Geral[[#This Row],[Nome Loja]],#REF!,3,0),0) -> 0 | Y71: =IFERROR(VLOOKUP(Rotas_Geral[[#This Row],[Nome Loja]],#REF!,4,0),0) -> 0
A72: 20035 | B72: 208 | C72: Canaa | D72: Canaa | E72: VAGO | F72: Pará Sul | G72: DEZ | H72: EDINALDO | J72: 256 | K72: Mateus Capanema | L72: Capanema | M72: VAGO | N72: VAGO | O72: JUL | P72: THIEUDE | Q72: Edinaldo | R72: CD 106 | S72: Não | T72: Mateus | U72: Varejo | V72: =IFERROR(VLOOKUP(Rotas_Geral[[#This Row],[Nome Loja]],#REF!,3,0),0) -> 0 | W72: =IFERROR(VLOOKUP(Rotas_Geral[[#This Row],[Nome Loja]],#REF!,4,0),0) -> 0 | X72: =IFERROR(VLOOKUP(Rotas_Geral[[#This Row],[Nome Loja]],#REF!,3,0),0) -> 0 | Y72: =IFERROR(VLOOKUP(Rotas_Geral[[#This Row],[Nome Loja]],#REF!,4,0),0) -> 0
A73: #N/A | B73: 400 | C73: Dom Eliseu | D73: Dom Eliseu | E73: Vago | F73: Vago | G73: DEZ | H73: EDINALDO | J73: 257 | K73: MATEUS COQUEIRO | L73: Coqueiro | M73: RENAN | N73: MARIA | O73: JUL | P73: THIEUDE | Q73: Edinaldo | R73: CD 106 | S73: Sim | T73: Mateus | U73: Varejo | V73: =IFERROR(VLOOKUP(Rotas_Geral[[#This Row],[Nome Loja]],#REF!,3,0),0) -> 0 | W73: =IFERROR(VLOOKUP(Rotas_Geral[[#This Row],[Nome Loja]],#REF!,4,0),0) -> 0 | X73: =IFERROR(VLOOKUP(Rotas_Geral[[#This Row],[Nome Loja]],#REF!,3,0),0) -> 0 | Y73: =IFERROR(VLOOKUP(Rotas_Geral[[#This Row],[Nome Loja]],#REF!,4,0),0) -> 0
A74: #N/A | B74: 24 | C74: Marabá | D74: Marabá | E74: VAGO | F74: Pará Sul | G74: DEZ | H74: EDINALDO | J74: 259 | K74: FORQUILHA | L74: Forquilha | M74: VAGO | N74: CLEISSE | O74: JUL | P74: CARLA | Q74: Edinaldo | R74: CD 116 | S74: Não | T74: Mateus | U74: Mix | V74: =IFERROR(VLOOKUP(Rotas_Geral[[#This Row],[Nome Loja]],#REF!,3,0),0) -> 0 | W74: =IFERROR(VLOOKUP(Rotas_Geral[[#This Row],[Nome Loja]],#REF!,4,0),0) -> 0 | X74: =IFERROR(VLOOKUP(Rotas_Geral[[#This Row],[Nome Loja]],#REF!,3,0),0) -> 0 | Y74: =IFERROR(VLOOKUP(Rotas_Geral[[#This Row],[Nome Loja]],#REF!,4,0),0) -> 0
A75: 14468 | B75: 260 | C75: MAT TUCURUI | D75: Mateus Tucurui | E75: VAGO | F75: Pará Norte | G75: DEZ | H75: EDINALDO | J75: 260 | K75: MAT TUCURUI | L75: Mateus Tucurui | M75: VAGO | N75: VAGO | O75: JUL | P75: THIEUDE | Q75: Edinaldo | R75: CD 337 | S75: Não | T75: Mateus | U75: Varejo | V75: =IFERROR(VLOOKUP(Rotas_Geral[[#This Row],[Nome Loja]],#REF!,3,0),0) -> 0 | W75: =IFERROR(VLOOKUP(Rotas_Geral[[#This Row],[Nome Loja]],#REF!,4,0),0) -> 0 | X75: =IFERROR(VLOOKUP(Rotas_Geral[[#This Row],[Nome Loja]],#REF!,3,0),0) -> 0 | Y75: =IFERROR(VLOOKUP(Rotas_Geral[[#This Row],[Nome Loja]],#REF!,4,0),0) -> 0
A76: #N/A | B76: 254 | C76: MATEUS CARAJAS | D76: Carajás | E76: Elisângela | F76: Pará Sul | G76: DEZ | H76: EDINALDO | J76: 261 | K76: Mix Redenção | L76: Mix Redenção | M76: VAGO | N76: VAGO | O76: JUL | P76: THIEUDE | Q76: Edinaldo | R76: CD 337 | S76: Não | T76: Mateus | U76: Varejo | V76: =IFERROR(VLOOKUP(Rotas_Geral[[#This Row],[Nome Loja]],#REF!,3,0),0) -> 0 | W76: =IFERROR(VLOOKUP(Rotas_Geral[[#This Row],[Nome Loja]],#REF!,4,0),0) -> 0 | X76: =IFERROR(VLOOKUP(Rotas_Geral[[#This Row],[Nome Loja]],#REF!,3,0),0) -> 0 | Y76: =IFERROR(VLOOKUP(Rotas_Geral[[#This Row],[Nome Loja]],#REF!,4,0),0) -> 0
A77: #N/A | B77: 26 | C77: Mix Marabá | D77: Mix Marabá | E77: VAGO | F77: Pará Sul | G77: DEZ | H77: EDINALDO | J77: 263 | K77: Mario Covas | L77: Mario Covas | M77: RENAN | N77: DIEGO | O77: JUL | P77: THIEUDE | Q77: Edinaldo | R77: CD 106 | S77: Sim | T77: Mateus | U77: Varejo | V77: =IFERROR(VLOOKUP(Rotas_Geral[[#This Row],[Nome Loja]],#REF!,3,0),0) -> 0 | W77: =IFERROR(VLOOKUP(Rotas_Geral[[#This Row],[Nome Loja]],#REF!,4,0),0) -> 0 | X77: =IFERROR(VLOOKUP(Rotas_Geral[[#This Row],[Nome Loja]],#REF!,3,0),0) -> 0 | Y77: =IFERROR(VLOOKUP(Rotas_Geral[[#This Row],[Nome Loja]],#REF!,4,0),0) -> 0
A78: 449 | B78: 261 | C78: Mix Redenção | D78: Mix Redenção | E78: VAGO | F78: Pará Sul | G78: DEZ | H78: EDINALDO | J78: 264 | K78: Mateus Tianguá | L78: Tianguá | M78: MARLI | N78: MARLI | O78: JUL | P78: Vago | Q78: Vago | R78: CD 116 | S78: Sim | T78: Mateus | U78: Varejo | V78: =IFERROR(VLOOKUP(Rotas_Geral[[#This Row],[Nome Loja]],#REF!,3,0),0) -> 0 | W78: =IFERROR(VLOOKUP(Rotas_Geral[[#This Row],[Nome Loja]],#REF!,4,0),0) -> 0 | X78: =IFERROR(VLOOKUP(Rotas_Geral[[#This Row],[Nome Loja]],#REF!,3,0),0) -> 0 | Y78: =IFERROR(VLOOKUP(Rotas_Geral[[#This Row],[Nome Loja]],#REF!,4,0),0) -> 0
A79: #N/A | B79: 25 | C79: Nova Marabá | D79: Nova Marabá | E79: VAGO | F79: Pará Sul | G79: DEZ | H79: EDINALDO | J79: 266 | K79: MAT SOBRAL | L79: Mix Sobral | M79: RUTH | N79: RUTH | O79: JUL | P79: Vago | Q79: Vago | R79: CD 116 | S79: Sim | T79: Mateus | U79: Varejo | V79: =IFERROR(VLOOKUP(Rotas_Geral[[#This Row],[Nome Loja]],#REF!,3,0),0) -> 0 | W79: =IFERROR(VLOOKUP(Rotas_Geral[[#This Row],[Nome Loja]],#REF!,4,0),0) -> 0 | X79: =IFERROR(VLOOKUP(Rotas_Geral[[#This Row],[Nome Loja]],#REF!,3,0),0) -> 0 | Y79: =IFERROR(VLOOKUP(Rotas_Geral[[#This Row],[Nome Loja]],#REF!,4,0),0) -> 0
A80: 12553 | B80: 28 | C80: Parauapebas | D80: Parauapebas | E80: Elisângela | F80: Pará Sul | G80: DEZ | H80: WELESSANDRA | J80: 267 | K80: Bragança | L80: Bragança | M80: VAGO | N80: VAGO | O80: JUL | P80: THIEUDE | Q80: Edinaldo | R80: CD 106 | S80: Não | T80: Mateus | U80: Varejo | V80: =IFERROR(VLOOKUP(Rotas_Geral[[#This Row],[Nome Loja]],#REF!,3,0),0) -> 0 | W80: =IFERROR(VLOOKUP(Rotas_Geral[[#This Row],[Nome Loja]],#REF!,4,0),0) -> 0 | X80: =IFERROR(VLOOKUP(Rotas_Geral[[#This Row],[Nome Loja]],#REF!,3,0),0) -> 0 | Y80: =IFERROR(VLOOKUP(Rotas_Geral[[#This Row],[Nome Loja]],#REF!,4,0),0) -> 0
A81: 15591 | B81: 466 | C81: Camino Dom Eliseu | D81: Camino Dom Eliseu | E81: VAGO | F81: Pará Sul | G81: DEZ | H81: WELESSANDRA | J81: 268 | K81: Paragominas | L81: Paragominas | M81: VAGO | N81: VAGO | O81: JUL | P81: THIEUDE | Q81: Edinaldo | R81: CD 106 | S81: Não | T81: Mateus | U81: Varejo | V81: =IFERROR(VLOOKUP(Rotas_Geral[[#This Row],[Nome Loja]],#REF!,3,0),0) -> 0 | W81: =IFERROR(VLOOKUP(Rotas_Geral[[#This Row],[Nome Loja]],#REF!,4,0),0) -> 0 | X81: =IFERROR(VLOOKUP(Rotas_Geral[[#This Row],[Nome Loja]],#REF!,3,0),0) -> 0 | Y81: =IFERROR(VLOOKUP(Rotas_Geral[[#This Row],[Nome Loja]],#REF!,4,0),0) -> 0
A82: 15738 | B82: 41 | C82: CAXIAS | D82: Caxias | E82: ALBERTO | F82: Piauí | G82: DEZ | H82: WELESSANDRA | J82: 269 | K82: MAT UBATUBA | L82: Mat Ubatuba | M82: VAGO | N82: Renata | O82: JUL | P82: CARLA | Q82: Edinaldo | R82: CD 116 | S82: Não | T82: Mateus | U82: Mix | V82: =IFERROR(VLOOKUP(Rotas_Geral[[#This Row],[Nome Loja]],#REF!,3,0),0) -> 0 | W82: =IFERROR(VLOOKUP(Rotas_Geral[[#This Row],[Nome Loja]],#REF!,4,0),0) -> 0 | X82: =IFERROR(VLOOKUP(Rotas_Geral[[#This Row],[Nome Loja]],#REF!,3,0),0) -> 0 | Y82: =IFERROR(VLOOKUP(Rotas_Geral[[#This Row],[Nome Loja]],#REF!,4,0),0) -> 0
A83: 16917 | B83: 97 | C83: Ceasa Teresina | D83: Ceasa Teresina | E83: ÉRICA | F83: Piauí | G83: DEZ | H83: WELESSANDRA | J83: 271 | K83: Mateus Floriano | L83: Mateus Floriano | M83: VAGO | N83: ALBA | O83: JUL | P83: LILIANE | Q83: Edinaldo | R83: CD 116 | S83: Sim | T83: Mateus | U83: Varejo | V83: =IFERROR(VLOOKUP(Rotas_Geral[[#This Row],[Nome Loja]],#REF!,3,0),0) -> 0 | W83: =IFERROR(VLOOKUP(Rotas_Geral[[#This Row],[Nome Loja]],#REF!,4,0),0) -> 0 | X83: =IFERROR(VLOOKUP(Rotas_Geral[[#This Row],[Nome Loja]],#REF!,3,0),0) -> 0 | Y83: =IFERROR(VLOOKUP(Rotas_Geral[[#This Row],[Nome Loja]],#REF!,4,0),0) -> 0
A84: 20538 | B84: 202 | C84: MAT CODO | D84: Codó | E84: KASSYA | F84: MA Norte | G84: DEZ | H84: WELESSANDRA | J84: 275 | K84: MAT PQ ALVORADA | L84: Nova Timon | M84: SHEYLA | N84: SHEYLA | O84: JUL | P84: LILIANE | Q84: Edinaldo | R84: CD 116 | S84: Sim | T84: Mateus | U84: Mix | V84: =IFERROR(VLOOKUP(Rotas_Geral[[#This Row],[Nome Loja]],#REF!,3,0),0) -> 0 | W84: =IFERROR(VLOOKUP(Rotas_Geral[[#This Row],[Nome Loja]],#REF!,4,0),0) -> 0 | X84: =IFERROR(VLOOKUP(Rotas_Geral[[#This Row],[Nome Loja]],#REF!,3,0),0) -> 0 | Y84: =IFERROR(VLOOKUP(Rotas_Geral[[#This Row],[Nome Loja]],#REF!,4,0),0) -> 0
A85: 17048 | B85: 211 | C85: MAT PIRIPIRI | D85: Piripiri | E85: SIMONE | F85: Piauí | G85: DEZ | H85: WELESSANDRA | J85: 276 | K85: Mat Bengui | L85: Mateus Bengui | M85: RENAN | N85: MARIA | O85: JUL | P85: THIEUDE | Q85: Edinaldo | R85: CD 106 | S85: Sim | T85: Mateus | U85: Mix | V85: =IFERROR(VLOOKUP(Rotas_Geral[[#This Row],[Nome Loja]],#REF!,3,0),0) -> 0 | W85: =IFERROR(VLOOKUP(Rotas_Geral[[#This Row],[Nome Loja]],#REF!,4,0),0) -> 0 | X85: =IFERROR(VLOOKUP(Rotas_Geral[[#This Row],[Nome Loja]],#REF!,3,0),0) -> 0 | Y85: =IFERROR(VLOOKUP(Rotas_Geral[[#This Row],[Nome Loja]],#REF!,4,0),0) -> 0
A86: 15741 | B86: 32 | C86: MAT TIMON | D86: Mix Timon | E86: ÉRICA | F86: Piauí | G86: DEZ | H86: WELESSANDRA | J86: 280 | K86: Mix itapipoca | L86: Mix Itapipoca | M86: ANDERSON | N86: ANDERSON | O86: JUL | P86: Vago | Q86: Vago | R86: Extra | S86: Sim | T86: Mateus | U86: Varejo | V86: =IFERROR(VLOOKUP(Rotas_Geral[[#This Row],[Nome Loja]],#REF!,3,0),0) -> 0 | W86: =IFERROR(VLOOKUP(Rotas_Geral[[#This Row],[Nome Loja]],#REF!,4,0),0) -> 0 | X86: =IFERROR(VLOOKUP(Rotas_Geral[[#This Row],[Nome Loja]],#REF!,3,0),0) -> 0 | Y86: =IFERROR(VLOOKUP(Rotas_Geral[[#This Row],[Nome Loja]],#REF!,4,0),0) -> 0
A87: 20189 | B87: 271 | C87: Mateus Floriano | D87: Mateus Floriano | E87: ALBA | F87: Piauí | G87: DEZ | H87: WELESSANDRA | J87: 285 | K87: Mat Crateus | L87: Mat Crateus | M87: CARLA | N87: CARLA | O87: JUL | P87: Vago | Q87: Vago | R87: CD 116 | S87: Sim | T87: Mateus | U87: Varejo | V87: =IFERROR(VLOOKUP(Rotas_Geral[[#This Row],[Nome Loja]],#REF!,3,0),0) -> 0 | W87: =IFERROR(VLOOKUP(Rotas_Geral[[#This Row],[Nome Loja]],#REF!,4,0),0) -> 0 | X87: =IFERROR(VLOOKUP(Rotas_Geral[[#This Row],[Nome Loja]],#REF!,3,0),0) -> 0 | Y87: =IFERROR(VLOOKUP(Rotas_Geral[[#This Row],[Nome Loja]],#REF!,4,0),0) -> 0
A88: 1285 | B88: 251 | C88: Parnaiba | D88: Parnaíba | E88: Sandra | F88: Piauí | G88: DEZ | H88: CARLA | J88: 290 | K88: Mat Quixeram | L88: Mat Quixeramobim | M88: BRUNA | N88: BRUNA | O88: JUL | P88: Vago | Q88: Vago | R88: CD 116 | S88: Sim | T88: Mateus | U88: Varejo | V88: =IFERROR(VLOOKUP(Rotas_Geral[[#This Row],[Nome Loja]],#REF!,3,0),0) -> 0 | W88: =IFERROR(VLOOKUP(Rotas_Geral[[#This Row],[Nome Loja]],#REF!,4,0),0) -> 0 | X88: =IFERROR(VLOOKUP(Rotas_Geral[[#This Row],[Nome Loja]],#REF!,3,0),0) -> 0 | Y88: =IFERROR(VLOOKUP(Rotas_Geral[[#This Row],[Nome Loja]],#REF!,4,0),0) -> 0
A89: 1290 | B89: 252 | C89: TERESINA | D89: Teresina | E89: Joseane | F89: Piauí | G89: DEZ | H89: CARLA | J89: 296 | K89: Mat Potosi | L89: Mat Potosi | M89: ROSICLEIA | N89: ROSICLEIA | O89: JUL | P89: THIEUDE | Q89: Edinaldo | R89: CD 87 | S89: Sim | T89: Mateus | U89: Varejo | V89: =IFERROR(VLOOKUP(Rotas_Geral[[#This Row],[Nome Loja]],#REF!,3,0),0) -> 0 | W89: =IFERROR(VLOOKUP(Rotas_Geral[[#This Row],[Nome Loja]],#REF!,4,0),0) -> 0 | X89: =IFERROR(VLOOKUP(Rotas_Geral[[#This Row],[Nome Loja]],#REF!,3,0),0) -> 0 | Y89: =IFERROR(VLOOKUP(Rotas_Geral[[#This Row],[Nome Loja]],#REF!,4,0),0) -> 0
A90: 1288 | B90: 275 | C90: Nova Timon | D90: Nova Timon | E90: Joseane | F90: Piauí | G90: DEZ | H90: CARLA | J90: 331 | K90: Mateus CD331 | L90: CD 331 | M90: VAGO | N90: VAGO | O90: JUL | P90: Vago | Q90: Edinaldo | R90: CD 331 | S90: Sim | T90: Camino | U90: CD | V90: =IFERROR(VLOOKUP(Rotas_Geral[[#This Row],[Nome Loja]],#REF!,3,0),0) -> 0 | W90: =IFERROR(VLOOKUP(Rotas_Geral[[#This Row],[Nome Loja]],#REF!,4,0),0) -> 0 | X90: =IFERROR(VLOOKUP(Rotas_Geral[[#This Row],[Nome Loja]],#REF!,3,0),0) -> 0 | Y90: =IFERROR(VLOOKUP(Rotas_Geral[[#This Row],[Nome Loja]],#REF!,4,0),0) -> 0
A91: 1280 | B91: 222 | C91: BOM B.132 | D91: Bom Preço 132 | E91: ALEXANDRE | F91: São Luís | G91: DEZ | H91: CARLA | J91: 337 | K91: Mat CD Marab | L91: CD 337 | M91: VAGO | N91: VAGO | O91: JUL | P91: THIEUDE | Q91: Edinaldo | R91: CD 337 | S91: Sim | T91: Camino | U91: CD | V91: =IFERROR(VLOOKUP(Rotas_Geral[[#This Row],[Nome Loja]],#REF!,3,0),0) -> 0 | W91: =IFERROR(VLOOKUP(Rotas_Geral[[#This Row],[Nome Loja]],#REF!,4,0),0) -> 0 | X91: =IFERROR(VLOOKUP(Rotas_Geral[[#This Row],[Nome Loja]],#REF!,3,0),0) -> 0 | Y91: =IFERROR(VLOOKUP(Rotas_Geral[[#This Row],[Nome Loja]],#REF!,4,0),0) -> 0
... A120: 2008 | B120: 418 | C120: POSTERUS 04 | D120: Camino Divinéia | E120: ALEXANDRE | F120: São Luís | G120: DEZ | H120: CARLA | J120: 446 | K120: Camino Santa Luzia | L120: Camino Santa Luzia | M120: VAGO | N120: VAGO | O120: JUL | P120: LILIANE | Q120: Edinaldo | R120: CD 116 | S120: Sim | T120: Camino | U120: Camino | V120: =IFERROR(VLOOKUP(Rotas_Geral[[#This Row],[Nome Loja]],#REF!,3,0),0) -> 0 | W120: =IFERROR(VLOOKUP(Rotas_Geral[[#This Row],[Nome Loja]],#REF!,4,0),0) -> 0 | X120: =IFERROR(VLOOKUP(Rotas_Geral[[#This Row],[Nome Loja]],#REF!,3,0),0) -> 0 | Y120: =IFERROR(VLOOKUP(Rotas_Geral[[#This Row],[Nome Loja]],#REF!,4,0),0) -> 0
B121: 425 | C121: POSTERUS 08 | D121: Camino Ribamar | E121: MAGDA | F121: São Luís | J121: 447 | K121: Camino Tutoia | L121: Camino Tutóia | M121: ANDRESSA NEVES | N121: ANDRESSA NEVES | O121: JUL | P121: LILIANE | Q121: Edinaldo | R121: CD 116 | S121: Sim | T121: Camino | U121: Camino | V121: =IFERROR(VLOOKUP(Rotas_Geral[[#This Row],[Nome Loja]],#REF!,3,0),0) -> 0 | W121: =IFERROR(VLOOKUP(Rotas_Geral[[#This Row],[Nome Loja]],#REF!,4,0),0) -> 0 | X121: =IFERROR(VLOOKUP(Rotas_Geral[[#This Row],[Nome Loja]],#REF!,3,0),0) -> 0 | Y121: =IFERROR(VLOOKUP(Rotas_Geral[[#This Row],[Nome Loja]],#REF!,4,0),0) -> 0
B122: 200 | C122: SUPER ANIL | D122: Super Anil | E122: WILIANE | F122: São Luís | J122: 449 | K122: Camino Goianesia | L122: Camino Goianesia | M122: VAGO | N122: VAGO | O122: JUL | P122: THIEUDE | Q122: Edinaldo | R122: CD 106 | S122: Não | T122: Camino | U122: Camino | V122: =IFERROR(VLOOKUP(Rotas_Geral[[#This Row],[Nome Loja]],#REF!,3,0),0) -> 0 | W122: =IFERROR(VLOOKUP(Rotas_Geral[[#This Row],[Nome Loja]],#REF!,4,0),0) -> 0 | X122: =IFERROR(VLOOKUP(Rotas_Geral[[#This Row],[Nome Loja]],#REF!,3,0),0) -> 0 | Y122: =IFERROR(VLOOKUP(Rotas_Geral[[#This Row],[Nome Loja]],#REF!,4,0),0) -> 0
B123: 201 | C123: Super Cohatrac | D123: Super Cohatrac | E123: WILIANE | F123: São Luís | J123: 450 | K123: Camino Ze Doca | L123: Camino Ze Doca | M123: VAGO | N123: VAGO | O123: JUL | P123: LILIANE | Q123: Edinaldo | R123: CD 116 | S123: Sim | T123: Camino | U123: Camino | V123: =IFERROR(VLOOKUP(Rotas_Geral[[#This Row],[Nome Loja]],#REF!,3,0),0) -> 0 | W123: =IFERROR(VLOOKUP(Rotas_Geral[[#This Row],[Nome Loja]],#REF!,4,0),0) -> 0 | X123: =IFERROR(VLOOKUP(Rotas_Geral[[#This Row],[Nome Loja]],#REF!,3,0),0) -> 0 | Y123: =IFERROR(VLOOKUP(Rotas_Geral[[#This Row],[Nome Loja]],#REF!,4,0),0) -> 0
B124: 467 | C124: Camino Colinas | D124: Camino Colinas | E124: Vago | F124: MA Norte | J124: 451 | K124: Camino Vargem Grande | L124: Camino Vargem Grande | M124: RAIMUNDO | N124: RAIMUNDO | O124: JUL | P124: LILIANE | Q124: Edinaldo | R124: CD 116 | S124: Sim | T124: Camino | U124: Camino | V124: =IFERROR(VLOOKUP(Rotas_Geral[[#This Row],[Nome Loja]],#REF!,3,0),0) -> 0 | W124: =IFERROR(VLOOKUP(Rotas_Geral[[#This Row],[Nome Loja]],#REF!,4,0),0) -> 0 | X124: =IFERROR(VLOOKUP(Rotas_Geral[[#This Row],[Nome Loja]],#REF!,3,0),0) -> 0 | Y124: =IFERROR(VLOOKUP(Rotas_Geral[[#This Row],[Nome Loja]],#REF!,4,0),0) -> 0
B125: 106 | C125: CD 106 | D125: CD 106 | E125: William | F125: CD | J125: 452 | K125: Camino Vitorino Freire | L125: Camino Vitorino Freire | M125: VAGO | N125: VAGO | O125: JUL | P125: LILIANE | Q125: Edinaldo | R125: CD 116 | S125: Sim | T125: Camino | U125: Camino | V125: =IFERROR(VLOOKUP(Rotas_Geral[[#This Row],[Nome Loja]],#REF!,3,0),0) -> 0 | W125: =IFERROR(VLOOKUP(Rotas_Geral[[#This Row],[Nome Loja]],#REF!,4,0),0) -> 0 | X125: =IFERROR(VLOOKUP(Rotas_Geral[[#This Row],[Nome Loja]],#REF!,3,0),0) -> 0 | Y125: =IFERROR(VLOOKUP(Rotas_Geral[[#This Row],[Nome Loja]],#REF!,4,0),0) -> 0
B126: 12576 | C126: C B MAGALHAE | D126: Universo | E126: Vago | F126: Vago | J126: 453 | K126: Camino Itupiranga | L126: Camino Itupiranga | M126: VAGO | N126: VAGO | O126: JUL | P126: THIEUDE | Q126: Edinaldo | R126: CD 337 | S126: Não | T126: Camino | U126: Camino | V126: =IFERROR(VLOOKUP(Rotas_Geral[[#This Row],[Nome Loja]],#REF!,3,0),0) -> 0 | W126: =IFERROR(VLOOKUP(Rotas_Geral[[#This Row],[Nome Loja]],#REF!,4,0),0) -> 0 | X126: =IFERROR(VLOOKUP(Rotas_Geral[[#This Row],[Nome Loja]],#REF!,3,0),0) -> 0 | Y126: =IFERROR(VLOOKUP(Rotas_Geral[[#This Row],[Nome Loja]],#REF!,4,0),0) -> 0
B127: 13471 | C127: MUNDO DE COI | D127: Mundo de Coisas | E127: Vago | F127: Vago | J127: 454 | K127: Camino Santa Helena | L127: Camino Santa Helena | M127: VAGO | N127: VAGO | O127: JUL | P127: LILIANE | Q127: Edinaldo | R127: CD 116 | S127: Não | T127: Camino | U127: Camino | V127: =IFERROR(VLOOKUP(Rotas_Geral[[#This Row],[Nome Loja]],#REF!,3,0),0) -> 0 | W127: =IFERROR(VLOOKUP(Rotas_Geral[[#This Row],[Nome Loja]],#REF!,4,0),0) -> 0 | X127: =IFERROR(VLOOKUP(Rotas_Geral[[#This Row],[Nome Loja]],#REF!,3,0),0) -> 0 | Y127: =IFERROR(VLOOKUP(Rotas_Geral[[#This Row],[Nome Loja]],#REF!,4,0),0) -> 0
B128: 19376 | C128: EMPORIO PINH | D128: Emp Pinheiro | E128: Vago | F128: Vago | J128: 457 | K128: Camino São Bento | L128: Camino São Bento | M128: VAGO | N128: VAGO | O128: JUL | P128: LILIANE | Q128: Edinaldo | R128: CD 116 | S128: Não | T128: Camino | U128: Camino | V128: =IFERROR(VLOOKUP(Rotas_Geral[[#This Row],[Nome Loja]],#REF!,3,0),0) -> 0 | W128: =IFERROR(VLOOKUP(Rotas_Geral[[#This Row],[Nome Loja]],#REF!,4,0),0) -> 0 | X128: =IFERROR(VLOOKUP(Rotas_Geral[[#This Row],[Nome Loja]],#REF!,3,0),0) -> 0 | Y128: =IFERROR(VLOOKUP(Rotas_Geral[[#This Row],[Nome Loja]],#REF!,4,0),0) -> 0
B129: 269 | C129: MAT UBATUBA | D129: Mat Ubatuba | E129: KELSIANE | F129: São Luís | J129: 458 | K129: Camino Itinga | L129: Camino Itinga | M129: VAGO | N129: VAGO | O129: JUL | P129: THIEUDE | Q129: Edinaldo | R129: CD 116 | S129: Não | T129: Camino | U129: Varejo | V129: =IFERROR(VLOOKUP(Rotas_Geral[[#This Row],[Nome Loja]],#REF!,3,0),0) -> 0 | W129: =IFERROR(VLOOKUP(Rotas_Geral[[#This Row],[Nome Loja]],#REF!,4,0),0) -> 0 | X129: =IFERROR(VLOOKUP(Rotas_Geral[[#This Row],[Nome Loja]],#REF!,3,0),0) -> 0 | Y129: =IFERROR(VLOOKUP(Rotas_Geral[[#This Row],[Nome Loja]],#REF!,4,0),0) -> 0
B130: 280 | C130: Mix itapipoca | D130: Mix Itapipoca | E130: VAGO | F130: Ceará | J130: 459 | K130: Camino Cururupu | L130: Camino Cururupu | M130: VAGO | N130: VAGO | O130: JUL | P130: LILIANE | Q130: Edinaldo | R130: CD 116 | S130: Não | T130: Camino | U130: Varejo | V130: =IFERROR(VLOOKUP(Rotas_Geral[[#This Row],[Nome Loja]],#REF!,3,0),0) -> 0 | W130: =IFERROR(VLOOKUP(Rotas_Geral[[#This Row],[Nome Loja]],#REF!,4,0),0) -> 0 | X130: =IFERROR(VLOOKUP(Rotas_Geral[[#This Row],[Nome Loja]],#REF!,3,0),0) -> 0 | Y130: =IFERROR(VLOOKUP(Rotas_Geral[[#This Row],[Nome Loja]],#REF!,4,0),0) -> 0
B131: 454 | C131: Camino Santa Helena | D131: Camino Santa Helena | E131: Vago | F131: MA Norte | J131: 461 | K131: Camino Urb. Santos | L131: Camino Urb. Santos | M131: VAGO | N131: VAGO | O131: JUL | P131: LILIANE | Q131: Edinaldo | R131: CD 116 | S131: Sim | T131: Camino | U131: Camino | V131: =IFERROR(VLOOKUP(Rotas_Geral[[#This Row],[Nome Loja]],#REF!,3,0),0) -> 0 | W131: =IFERROR(VLOOKUP(Rotas_Geral[[#This Row],[Nome Loja]],#REF!,4,0),0) -> 0 | X131: =IFERROR(VLOOKUP(Rotas_Geral[[#This Row],[Nome Loja]],#REF!,3,0),0) -> 0 | Y131: =IFERROR(VLOOKUP(Rotas_Geral[[#This Row],[Nome Loja]],#REF!,4,0),0) -> 0
B132: 457 | C132: Camino São Bento | D132: Camino São Bento | E132: Vago | F132: MA Norte | J132: 463 | K132: Camino Miguel Gama | L132: Camino Miguel Gama | M132: VAGO | N132: VAGO | O132: JUL | P132: THIEUDE | Q132: Edinaldo | R132: CD 106 | S132: Não | T132: Camino | U132: Varejo | V132: =IFERROR(VLOOKUP(Rotas_Geral[[#This Row],[Nome Loja]],#REF!,3,0),0) -> 0 | W132: =IFERROR(VLOOKUP(Rotas_Geral[[#This Row],[Nome Loja]],#REF!,4,0),0) -> 0 | X132: =IFERROR(VLOOKUP(Rotas_Geral[[#This Row],[Nome Loja]],#REF!,3,0),0) -> 0 | Y132: =IFERROR(VLOOKUP(Rotas_Geral[[#This Row],[Nome Loja]],#REF!,4,0),0) -> 0
B133: 463 | C133: Camino Miguel Gama | D133: Camino Miguel Gama | E133: Vago | F133: Pará Norte | J133: 464 | K133: Camino Tomé Açu | L133: Camino Tomé Açu | M133: VAGO | N133: VAGO | O133: JUL | P133: THIEUDE | Q133: Edinaldo | R133: CD 106 | S133: Não | T133: Camino | U133: Varejo | V133: =IFERROR(VLOOKUP(Rotas_Geral[[#This Row],[Nome Loja]],#REF!,3,0),0) -> 0 | W133: =IFERROR(VLOOKUP(Rotas_Geral[[#This Row],[Nome Loja]],#REF!,4,0),0) -> 0 | X133: =IFERROR(VLOOKUP(Rotas_Geral[[#This Row],[Nome Loja]],#REF!,3,0),0) -> 0 | Y133: =IFERROR(VLOOKUP(Rotas_Geral[[#This Row],[Nome Loja]],#REF!,4,0),0) -> 0
E134: Elenilde | F134: São Luís | J134: 466 | K134: Camino Dom Eliseu | L134: Camino Dom Eliseu | M134: VAGO | N134: VAGO | O134: JUL | P134: THIEUDE | Q134: Edinaldo | R134: CD 337 | S134: Não | T134: Camino | U134: Varejo | V134: =IFERROR(VLOOKUP(Rotas_Geral[[#This Row],[Nome Loja]],#REF!,3,0),0) -> 0 | W134: =IFERROR(VLOOKUP(Rotas_Geral[[#This Row],[Nome Loja]],#REF!,4,0),0) -> 0 | X134: =IFERROR(VLOOKUP(Rotas_Geral[[#This Row],[Nome Loja]],#REF!,3,0),0) -> 0 | Y134: =IFERROR(VLOOKUP(Rotas_Geral[[#This Row],[Nome Loja]],#REF!,4,0),0) -> 0
E135: Ruth | F135: Ceará | J135: 467 | K135: Camino Colinas | L135: Camino Colinas | M135: VAGO | N135: VAGO | O135: JUL | P135: LILIANE | Q135: Edinaldo | R135: CD 116 | S135: Não | T135: Camino | U135: Varejo | V135: =IFERROR(VLOOKUP(Rotas_Geral[[#This Row],[Nome Loja]],#REF!,3,0),0) -> 0 | W135: =IFERROR(VLOOKUP(Rotas_Geral[[#This Row],[Nome Loja]],#REF!,4,0),0) -> 0 | X135: =IFERROR(VLOOKUP(Rotas_Geral[[#This Row],[Nome Loja]],#REF!,3,0),0) -> 0 | Y135: =IFERROR(VLOOKUP(Rotas_Geral[[#This Row],[Nome Loja]],#REF!,4,0),0) -> 0
E136: Pat. Cristina | F136: São Luís | J136: 503 | K136: Mat Maracanau | L136: Mat Maracanau | M136: RONALD | N136: RONALD | O136: JUL | P136: Vago | Q136: Vago | R136: CD 116 | S136: Sim | T136: Mateus | U136: Varejo | V136: =IFERROR(VLOOKUP(Rotas_Geral[[#This Row],[Nome Loja]],#REF!,3,0),0) -> 0 | W136: =IFERROR(VLOOKUP(Rotas_Geral[[#This Row],[Nome Loja]],#REF!,4,0),0) -> 0 | X136: =IFERROR(VLOOKUP(Rotas_Geral[[#This Row],[Nome Loja]],#REF!,3,0),0) -> 0 | Y136: =IFERROR(VLOOKUP(Rotas_Geral[[#This Row],[Nome Loja]],#REF!,4,0),0) -> 0
E137: Pat. Regina | F137: São Luís | J137: 2008 | K137: BOM B.140 | L137: Bom Preço 140 | M137: VAGO | N137: VAGO | O137: JUL | P137: CARLA | Q137: Edinaldo | R137: Extra | S137: Sim | T137: Bom Preço | U137: Varejo | V137: =IFERROR(VLOOKUP(Rotas_Geral[[#This Row],[Nome Loja]],#REF!,3,0),0) -> 0 | W137: =IFERROR(VLOOKUP(Rotas_Geral[[#This Row],[Nome Loja]],#REF!,4,0),0) -> 0 | X137: =IFERROR(VLOOKUP(Rotas_Geral[[#This Row],[Nome Loja]],#REF!,3,0),0) -> 0 | Y137: =IFERROR(VLOOKUP(Rotas_Geral[[#This Row],[Nome Loja]],#REF!,4,0),0) -> 0
E138: SHEYLA | F138: Piauí | J138: 12576 | K138: C B MAGALHAE | L138: Universo | M138: VAGO | N138: VAGO | O138: JUL | P138: Vago | Q138: Vago | R138: Extra | S138: Sim | T138: Camino | U138: Varejo | V138: =IFERROR(VLOOKUP(Rotas_Geral[[#This Row],[Nome Loja]],#REF!,3,0),0) -> 0 | W138: =IFERROR(VLOOKUP(Rotas_Geral[[#This Row],[Nome Loja]],#REF!,4,0),0) -> 0 | X138: =IFERROR(VLOOKUP(Rotas_Geral[[#This Row],[Nome Loja]],#REF!,3,0),0) -> 0 | Y138: =IFERROR(VLOOKUP(Rotas_Geral[[#This Row],[Nome Loja]],#REF!,4,0),0) -> 0
E139: ÉDINA | F139: MA Norte | J139: 13471 | K139: MUNDO DE COI | L139: Mundo de Coisas | M139: VAGO | N139: VAGO | O139: JUL | P139: Vago | Q139: Vago | R139: Extra | S139: Sim | T139: Camino | U139: Varejo | V139: =IFERROR(VLOOKUP(Rotas_Geral[[#This Row],[Nome Loja]],#REF!,3,0),0) -> 0 | W139: =IFERROR(VLOOKUP(Rotas_Geral[[#This Row],[Nome Loja]],#REF!,4,0),0) -> 0 | X139: =IFERROR(VLOOKUP(Rotas_Geral[[#This Row],[Nome Loja]],#REF!,3,0),0) -> 0 | Y139: =IFERROR(VLOOKUP(Rotas_Geral[[#This Row],[Nome Loja]],#REF!,4,0),0) -> 0
E140: Dailson | F140: MA Norte | J140: 19376 | K140: EMPORIO PINH | L140: Emp Pinheiro | M140: VAGO | N140: VAGO | O140: JUL | P140: Vago | Q140: Vago | R140: Extra | S140: Sim | T140: Camino | U140: Varejo | V140: =IFERROR(VLOOKUP(Rotas_Geral[[#This Row],[Nome Loja]],#REF!,3,0),0) -> 0 | W140: =IFERROR(VLOOKUP(Rotas_Geral[[#This Row],[Nome Loja]],#REF!,4,0),0) -> 0 | X140: =IFERROR(VLOOKUP(Rotas_Geral[[#This Row],[Nome Loja]],#REF!,3,0),0) -> 0 | Y140: =IFERROR(VLOOKUP(Rotas_Geral[[#This Row],[Nome Loja]],#REF!,4,0),0) -> 0
...

Sheet Regras Premiação (3)
C2: Promotor | D2: A+ (c/ Trebeschi) | E2: BASE: | F2: 1500 | G2: A+ | K2: Coordenador | L2: A+ | Venda > 1.750.000 | M2: BASE: | N2: 2000 | T2: PROMOTORIA | U2: RESUMO DE NÍVEIS | Z2: COORDENAÇÃO | AA2: RESUMO DE NÍVEIS | AH2: Supervisor | AI2: - | AJ2: Ago | AP2: Gerente | AQ2: - | AR2: Ago
A3: Regras: | C3: Objetivo | I3: Regras: | K3: Objetivo | T3: NÍVEL | U3: 0.9 | V3: 1 | W3: 1.15 | Z3: NÍVEL | AA3: 0.9 | AB3: 1 | AC3: 1.15 | AF3: Regras: | AH3: Objetivo | AN3: Regras: | AP3: Objetivo
A4: 1º | C4: Chegar na Meta Sell-Out | E4: 0.9 | F4: 1 | G4: 1.15 | I4: 1º | K4: Chegar na Meta Sell-Out | M4: 0.9 | N4: 1 | O4: 1.15 | T4: A+ | U4: =E19 -> 100 | V4: =F19 -> 200 | W4: =G19 -> 270 | Z4: A+ | AA4: 135 | AB4: 270 | AC4: 350 | AF4: 1º | AH4: Chegar na Meta Sell-Out | AJ4: 0.9 | AK4: 1 | AL4: 1.15 | AN4: 1º | AP4: Chegar na Meta Sell-Out | AR4: 0.9 | AS4: 1 | AT4: 1.15
C5: A: | D5: Atingimento Total Master | E5: =E18/$F$29 -> 0.041666667 | F5: =F18/$F$29 -> 0.083333333 | G5: =G18/$F$29 -> 0.125 | K5: A: | L5: Atingimento Total Master | M5: 0.05 | N5: 0.1 | O5: 0.15 | T5: A | U5: =E44 -> 85 | V5: =F44 -> 170 | W5: =G44 -> 200 | Z5: A | AA5: 112.5 | AB5: 225 | AC5: 270 | AH5: A: | AI5: Atingimento Total Master | AJ5: 130 | AK5: 250 | AL5: 360 | AP5: A: | AQ5: Atingimento Total Master | AR5: 170 | AS5: 300 | AT5: 440
C6: B: | D6: Atingimento Individual Avine | E6: =E19/$F$29 -> 0.055555556 | F6: =F19/$F$29 -> 0.11111111 | G6: =G19/$F$29 -> 0.15 | K6: B: | L6: Atingimento Individual Avine | M6: 0.075 | N6: 0.15 | O6: 0.2 | T6: B | U6: =E73 -> 70 | V6: =F73 -> 140 | W6: =G73 -> 175 | Z6: B | AA6: 85 | AB6: 170 | AC6: 220 | AH6: B: | AI6: Atingimento Individual Avine | AJ6: 150 | AK6: 350 | AL6: 440 | AP6: B: | AQ6: Atingimento Individual Avine | AR6: 170 | AS6: 400 | AT6: 500
C7: C: | D7: Atingimento Individual Capp | E7: =E20/$F$29 -> 0.055555556 | F7: =F20/$F$29 -> 0.11111111 | G7: =G20/$F$29 -> 0.15 | K7: C: | L7: Atingimento Individual Capp | M7: 0.15 | N7: 0.3 | O7: 0.4 | T7: C | U7: =E102 -> 50 | V7: =F102 -> 100 | W7: =G102 -> 125 | AH7: C: | AI7: Atingimento Individual Capp | AJ7: 150 | AK7: 350 | AL7: 440 | AP7: =AH7 -> C: | AQ7: Atingimento Individual Capp | AR7: 170 | AS7: 400 | AT7: 500
C8: D: | D8: Atingimento Individual Famosa | E8: =E21/$F$29 -> 0.055555556 | F8: =F21/$F$29 -> 0.11111111 | G8: =G21/$F$29 -> 0.15
C9: E: | D9: Atingimento Individual S&V | E9: =E22/$F$29 -> 0.11111111 | F9: =F22/$F$29 -> 0.22222222 | G9: =G22/$F$29 -> 0.3 | K9: D: | L9: Atingimento Individual Famosa | M9: 0.075 | N9: 0.15 | O9: 0.2 | AF9: 2 | AH9: Devolução < 1,5% | AI9: Atingimento Individual Avine | AJ9: 400 | AK9: 400 | AL9: 400 | AN9: 2 | AP9: Devolução < 1,5% | AQ9: Atingimento Individual Avine | AR9: 450 | AS9: 450 | AT9: 450
C10: F: | D10: Atingimento Individual Trebeschi | E10: =E23/$F$29 -> 0.055555556 | F10: =F23/$F$29 -> 0.11111111 | G10: =G23/$F$29 -> 0.15 | T10: Auxiliares
AF11: 3 | AH11: Avaliação Gestor | AI11: Atingimento Total Master | AJ11: 400 | AK11: 400 | AL11: 400 | AN11: 3 | AP11: Avaliação Gestor | AQ11: Atingimento Total Master | AR11: 450 | AS11: 450 | AT11: 450
A12: 2 | C12: Devolução <= 1% | D12: Atingimento Individual Avine | E12: =E25/$F$29 -> 0.125 | F12: =F25/$F$29 -> 0.125 | G12: =G25/$F$29 -> 0.125 | I12: 2 | K12: Devolução < 1% | L12: Atingimento Individual Avine | M12: 0.15 | N12: 0.15 | O12: 0.15 | T12: Premiação Master
T13: Resultado Master | U13: 0.9 | V13: 1 | W13: 1.15 | AI13: Total | AJ13: =SUM(AJ5:AJ11) -> 1230 | AK13: =SUM(AK5:AK11) -> 1750 | AL13: =SUM(AL5:AL11) -> 2040 | AQ13: Total | AR13: =SUM(AR5:AR11) -> 1410 | AS13: =SUM(AS5:AS11) -> 2000 | AT13: =SUM(AT5:AT11) -> 2340
A14: 3 | C14: Avaliação Gestor | D14: Atingimento Total Master | E14: =E27/$F$29 -> 0.125 | F14: =F27/$F$29 -> 0.125 | G14: 0.15 | I14: 3 | K14: Avaliação Gestor | L14: Atingimento Total Master | M14: 0.15 | N14: 0.15 | O14: 0.15 | T14: Auxiliar | U14: 75 | V14: 150 | W14: 225
E15: =SUM(E5:E14) -> 0.625 | F15: =SUM(F5:F14) -> 1 | G15: =SUM(G5:G14) -> 1.3 | M15: 0.65 | N15: 1 | O15: 1.2 | T15: Coordenador | U15: 100 | V15: 200 | W15: 300 | AI15: Total Edinaldo | AJ15: 1350 | AQ15: Total Raianne | AR15: 1420
A16: Regras: | C16: Objetivo | I16: Regras: | K16: Objetivo
A17: 1º | C17: Chegar na Meta Sell-Out | E17: 0.9 | F17: 1 | G17: 1.15 | I17: 1º | K17: Chegar na Meta Sell-Out | M17: 0.9 | N17: 1 | O17: 1.15
C18: A: | D18: Atingimento Total Master | E18: 75 | F18: 150 | G18: 225 | K18: A: | L18: Atingimento Total Master | M18: 100 | N18: 200 | O18: 300
C19: B: | D19: Atingimento Individual Avine | E19: 100 | F19: 200 | G19: 270 | K19: B: | L19: Atingimento Individual Avine | M19: =N19/2 -> 135 | N19: 270 | O19: 350 | T19: PROMOTORIA | U19: Média
C20: C: | D20: Atingimento Individual Capp | E20: 100 | F20: 200 | G20: 270 | K20: C: | L20: Atingimento Individual Capp | M20: =N20/2 -> 135 | N20: 270 | O20: 350 | T20: NÍVEL | U20: 0.6
C21: D: | D21: Atingimento Individual Famosa | E21: 100 | F21: 200 | G21: 270 | K21: D: | L21: Atingimento Individual Famosa | M21: =N21/2 -> 135 | N21: 270 | O21: 350 | T21: A+ | U21: =U20*F29 -> 1080
C22: E: | D22: Atingimento Individual S&V | E22: 200 | F22: 400 | G22: 540 | K22: E: | L22: Atingimento Individual S&V | M22: =N22/2 -> 135 | N22: 270 | O22: 350 | T22: A | U22: =U20*F54 -> 972
C23: F: | D23: Atingimento Individual Trebeschi | E23: 100 | F23: 200 | G23: 270
T24: B | U24: =U20*F83 -> 864
A25: 2 | C25: Devolução <= 1% | D25: Atingimento Individual Avine | E25: 225 | F25: 225 | G25: 225 | I25: 2 | K25: Devolução < 1% | L25: Atingimento Individual Avine | M25: 300 | N25: 300 | O25: 300 | T25: C | U25: =U20*F112 -> 720
A27: 3 | C27: Avaliação Gestor | D27: Avaliação | E27: 225 | F27: 225 | G27: 225 | I27: 3 | K27: Avaliação Gestor | L27: Atingimento Total Master | M27: 300 | N27: 300 | O27: 300
D29: Total | E29: =SUM(E18:E27) -> 1125 | F29: =SUM(F18:F27) -> 1800 | G29: =SUM(G18:G27) -> 2295 | L29: Total ( Incluindo a marca do Mês) | M29: =SUM(M18:M27)+M22 -> 1375 | N29: =SUM(N18:N27)+N22 -> 2150 | O29: =SUM(O18:O27)+O22 -> 2650 | T29: PROMOTORIA | U29: Premiação por Marca
T30: NÍVEL ( Sell out ) | U30: 0.9 | V30: 1 | W30: 1.15
C31: Promotor | D31: A | Venda > 260.000 | E31: BASE: | F31: 1500 | G31: A | K31: Coordenador | L31: A | Venda > 1.000.000 | M31: BASE: | N31: 2000 | T31: - | U31: 100 | V31: 200 | W31: 270
C32: B: | D32: Atingimento Individual Avine | E32: 0.0625 | F32: 0.125 | G32: 0.15 | K32: B: | L32: Atingimento Individual Avine | M32: 0.0625 | N32: 0.125 | O32: 0.15
C33: C: | D33: Atingimento Individual Capp | E33: 0.125 | F33: 0.25 | G33: 0.3 | K33: C: | L33: Atingimento Individual Capp | M33: 0.125 | N33: 0.25 | O33: 0.3
C34: D: | D34: Atingimento Individual Famosa | E34: 0.0625 | F34: 0.125 | G34: 0.15 | K34: D: | L34: Atingimento Individual Famosa | M34: 0.0625 | N34: 0.125 | O34: 0.15 | T34: Aitividades Extras
T35: Função | V35: 0.9 | W35: 1
T36: Atividade 1 | V36: 56.25 | W36: =W37 -> 112.5
A37: 2 | C37: Devolução <= 1% | D37: Atingimento Individual Avine | E37: 0.15 | F37: 0.15 | G37: 0.15 | I37: 2 | K37: Devolução < 1% | L37: Atingimento Individual Avine | M37: 0.15 | N37: 0.15 | O37: 0.15 | T37: Atividade 2 | V37: =V36 -> 56.25 | W37: =V37*2 -> 112.5
A39: 3 | C39: Avaliação Gestor | D39: Atingimento Total Master | E39: 0.15 | F39: 0.15 | G39: 0.15 | I39: 3 | K39: Avaliação Gestor | L39: Atingimento Total Master | M39: 0.15 | N39: 0.15 | O39: 0.15
E40: 0.6 | F40: 0.9 | G40: 1.05 | M40: 0.6 | N40: 0.9 | O40: 1.05 | T40: Devolução Avine
A41: Regras: | C41: Objetivo | I41: Regras: | K41: Objetivo | T41: Atingimento <= 1.5% | V41: 225
A42: 1º | C42: Chegar na Meta Sell-Out | E42: 0.9 | F42: 1 | G42: 1.15 | I42: 1º | K42: Chegar na Meta Sell-Out | M42: 0.9 | N42: 1 | O42: 1.15
C43: A: | D43: Atingimento Total Master | E43: 75 | F43: 150 | G43: 225 | K43: A: | L43: Atingimento Total Master | M43: 100 | N43: 200 | O43: 300
C44: B: | D44: Atingimento Individual Avine | E44: 85 | F44: 170 | G44: 200 | K44: B: | L44: Atingimento Individual Avine | M44: =N44/2 -> 112.5 | N44: 225 | O44: 270
C45: C: | D45: Atingimento Individual Capp | E45: 85 | F45: 170 | G45: 200 | K45: C: | L45: Atingimento Individual Capp | M45: =N45/2 -> 112.5 | N45: 225 | O45: 270
C46: D: | D46: Atingimento Individual Famosa | E46: 85 | F46: 170 | G46: 200 | K46: D: | L46: Atingimento Individual Famosa | M46: =N46/2 -> 112.5 | N46: 225 | O46: 270
C47: E: | D47: Atingimento Individual S&V | E47: 170 | F47: 340 | G47: 400 | K47: E: | L47: Atingimento Individual S&V | M47: =N47/2 -> 112.5 | N47: 225 | O47: 270
C48: F: | D48: Atingimento Individual Trebeschi | E48: 85 | F48: 170 | G48: 200
A50: 2 | C50: Devolução <= 1% | D50: Atingimento Individual Avine | E50: 225 | F50: 225 | G50: 225 | I50: 2 | K50: Devolução < 1% | L50: Atingimento Individual Avine | M50: 300 | N50: 300 | O50: 300
A52: 3 | C52: Avaliação Gestor | D52: Atingimento Total Master | E52: 225 | F52: 225 | G52: 225 | I52: 3 | K52: Avaliação Gestor | L52: Atingimento Total Master | M52: 300 | N52: 300 | O52: 300
D54: Total ( Incluindo a marca do Mês) | E54: =SUM(E43:E52) -> 1035 | F54: =SUM(F43:F52) -> 1620 | G54: =SUM(G43:G52) -> 1875 | L54: Total ( Incluindo a marca do Mês) | M54: =SUM(M43:M52)+M47 -> 1262.5 | N54: =SUM(N43:N52)+N47 -> 1925 | O54: =SUM(O43:O52)+O47 -> 2250
C56: Promotor | D56: B | E56: BASE: | F56: 1500 | G56: B | K56: Coordenador | L56: B | Venda < 1.000.000 | M56: BASE: | N56: 200
A57: Regras: | C57: Objetivo | I57: Regras: | K57: Objetivo
A58: 1º | C58: Chegar na Meta Sell-Out | E58: 0.9 | F58: 1 | G58: 1.15 | I58: 1º | K58: Chegar na Meta Sell-Out | M58: 0.9 | N58: 1 | O58: 1.15
C59: A: | D59: Atingimento Total Master | E59: =E72/$F$83 -> 0.052083333 | F59: =F72/$F$83 -> 0.10416667 | G59: =G72/$F$83 -> 0.15625 | K59: A: | L59: Atingimento Total Master | M59: 0.05 | N59: 0.1 | O59: 0.15
C60: B: | D60: Atingimento Individual Avine | E60: =E73/$F$83 -> 0.048611111 | F60: =F73/$F$83 -> 0.097222222 | G60: =G73/$F$83 -> 0.12152778 | K60: B: | L60: Atingimento Individual Avine | M60: 0.05 | N60: 0.1 | O60: 0.125
C61: C: | D61: Atingimento Individual Capp | E61: =E74/$F$83 -> 0.048611111 | F61: =F74/$F$83 -> 0.097222222 | G61: =G74/$F$83 -> 0.12152778 | K61: C: | L61: Atingimento Individual Capp | M61: 0.1 | N61: 0.2 | O61: 0.25
C62: D: | D62: Atingimento Individual Famosa | E62: =E75/$F$83 -> 0.048611111 | F62: =F75/$F$83 -> 0.097222222 | G62: =G75/$F$83 -> 0.12152778
C63: E: | D63: Atingimento Individual S&V | E63: =E76/$F$83 -> 0.097222222 | F63: =F76/$F$83 -> 0.19444444 | G63: =G76/$F$83 -> 0.24305556 | K63: D: | L63: Atingimento Individual Famosa | M63: 0.05 | N63: 0.1 | O63: 0.125
A66: 2 | C66: Devolução <= 1% | D66: Atingimento Individual Avine | E66: =E79/$F$83 -> 0.15625 | F66: =F79/$F$83 -> 0.15625 | G66: =G79/$F$83 -> 0.15625 | I66: 2 | K66: Devolução < 1% | L66: Atingimento Individual Avine | M66: 0.15 | N66: 0.15 | O66: 0.15
A68: 3 | C68: Avaliação Gestor | D68: Atingimento Total Master | E68: =E81/$F$83 -> 0.15625 | F68: =F81/$F$83 -> 0.15625 | G68: =G81/$F$83 -> 0.15625 | I68: 3 | K68: Avaliação Gestor | L68: Atingimento Total Master | M68: 0.15 | N68: 0.15 | O68: 0.15
E69: =SUM(E59:E68) -> 0.60763889 | F69: =SUM(F59:F68) -> 0.90277778 | G69: =SUM(G59:G68) -> 1.0763889 | M69: 0.55 | N69: 0.8 | O69: 0.95
A70: Regras: | C70: Objetivo | I70: Regras: | K70: Objetivo
A71: 1º | C71: Chegar na Meta Sell-Out | E71: 0.9 | F71: 1 | G71: 1.15 | I71: 1º | K71: Chegar na Meta Sell-Out | M71: 0.9 | N71: 1 | O71: 1.15
C72: A: | D72: Atingimento Total Master | E72: 75 | F72: 150 | G72: 225 | K72: A: | L72: Atingimento Total Master | M72: 100 | N72: 200 | O72: 300
C73: B: | D73: Atingimento Individual Avine | E73: 70 | F73: 140 | G73: 175 | K73: B: | L73: Atingimento Individual Avine | M73: 85 | N73: 170 | O73: 220
C74: C: | D74: Atingimento Individual Capp | E74: 70 | F74: 140 | G74: 175 | K74: C: | L74: Atingimento Individual Capp | M74: 85 | N74: 170 | O74: 220
C75: D: | D75: Atingimento Individual Famosa | E75: 70 | F75: 140 | G75: 175 | K75: D: | L75: Atingimento Individual Famosa | M75: 85 | N75: 170 | O75: 220
C76: E: | D76: Atingimento Individual S&V | E76: 140 | F76: 280 | G76: 350 | K76: E: | L76: Atingimento Individual S&V | M76: 85 | N76: 170 | O76: 220
C77: F: | D77: Atingimento Individual Trebeschi | E77: 70 | F77: 140 | G77: 175
A79: 2 | C79: Devolução <= 1% | D79: Atingimento Individual Avine | E79: 225 | F79: 225 | G79: 225 | I79: 2 | K79: Devolução < 1% | L79: Atingimento Individual Avine | M79: 300 | N79: 300 | O79: 300
A81: 3 | C81: Avaliação Gestor | D81: Atingimento Total Master | E81: 225 | F81: 225 | G81: 225 | I81: 3 | K81: Avaliação Gestor | L81: Atingimento Total Master | M81: 300 | N81: 300 | O81: 300
D83: Total | E83: =SUM(E72:E81) -> 945 | F83: =SUM(F72:F81) -> 1440 | G83: =SUM(G72:G81) -> 1725 | L83: Total ( Incluindo a marca do Mês) | M83: =SUM(M72:M81)+M76 -> 1125 | N83: =SUM(N72:N81)+N76 -> 1650 | O83: =SUM(O72:O81)+O76 -> 2000
C85: Promotor | D85: C | Venda < 200.000 | E85: BASE: | F85: 1500 | G85: C
A86: Regras: | C86: Objetivo
A87: 1º | C87: Chegar na Meta Sell-Out | E87: 0.9 | F87: 1 | G87: 1.15
C88: A: | D88: Atingimento Total Master | E88: 0.05 | F88: 0.1 | G88: 0.15
C89: B: | D89: Atingimento Individual Avine | E89: 0.0375 | F89: 0.075 | G89: 0.1
C90: C: | D90: Atingimento Individual Capp | E90: 0.075 | F90: 0.15 | G90: 0.2
C91: D: | D91: Atingimento Individual Famosa | E91: 0.0375 | F91: 0.075 | G91: 0.1
A95: 2 | C95: Devolução <= 1% | D95: Atingimento Individual Avine | E95: 0.15 | F95: 0.15 | G95: 0.15
A97: 3 | C97: Avaliação Gestor | D97: Atingimento Total Master | E97: 0.15 | F97: 0.15 | G97: 0.15
E98: 0.5 | F98: 0.7 | G98: 0.85
A99: Regras: | C99: Objetivo
A100: 1º | C100: Chegar na Meta Sell-Out | E100: 0.9 | F100: 1 | G100: 1.15
C101: A: | D101: Atingimento Total Master | E101: 75 | F101: 150 | G101: 225 | I101: =E101/775 -> 0.096774194 | L101: =I101*$K$103 -> 35.260839
C102: B: | D102: Atingimento Individual Avine | E102: 50 | F102: 100 | G102: 125 | I102: =E102/775 -> 0.064516129 | L102: =I102*$K$103 -> 23.507226
C103: C: | D103: Atingimento Individual Capp | E103: 50 | F103: 100 | G103: 125 | I103: =E103/775 -> 0.064516129 | K103: 364.362 | L103: =I103*$K$103 -> 23.507226
C104: D: | D104: Atingimento Individual Famosa | E104: 50 | F104: 100 | G104: 125 | I104: =E104/775 -> 0.064516129 | L104: =I104*$K$103 -> 23.507226
C105: E: | D105: Atingimento Individual S&V | E105: 100 | F105: 200 | G105: 250 | I105: =E105/775 -> 0.12903226 | L105: =I105*$K$103 -> 47.014452
C106: F: | D106: Atingimento Individual Trebeschi | E106: 50 | F106: 100 | G106: 125 | I106: =E106/775 -> 0.064516129 | L106: =I106*$K$103 -> 23.507226
I107: =E107/775 -> 0 | L107: =I107*$K$103 -> 0
A108: 2 | C108: Devolução <= 1% | D108: Atingimento Individual Avine | E108: 225 | F108: 225 | G108: 225 | I108: 0.29 | L108: =I108*$K$103 -> 105.66498
I109: =E109/775 -> 0 | L109: =I109*$K$103 -> 0
A110: 3 | C110: Avaliação Gestor | D110: Atingimento Total Master | E110: 225 | F110: 225 | G110: 225 | I110: 0.29 | L110: =I110*$K$103 -> 105.66498
I111: =E111/775 -> 0 | L111: =I111*$K$103 -> 0
D112: Total ( Incluindo a marca do Mês) | E112: =SUM(E101:E110) -> 825 | F112: =SUM(F101:F110) -> 1200 | G112: =SUM(G101:G110) -> 1425 | I112: =E112/775 -> 1.0645161 | L112: =I112*$K$103 -> 387.86923
C114: Promotor | D114: Ceará Outras Redes | E114: BASE: | F114: 1500 | G114: C
A115: Regras: | C115: Objetivo
A116: 1º | C116: Chegar na Meta Sell-Out | E116: 0.9 | F116: 1 | G116: 1.15
C117: A: | D117: Atingimento Total Master | E117: 0.05 | F117: 0.1 | G117: 0.15
C118: B: | D118: Atingimento Individual Avine | E118: 0.0375 | F118: 0.075 | G118: 0.1
C119: C: | D119: Atingimento Individual Capp | E119: 0.075 | F119: 0.15 | G119: 0.2
C120: D: | D120: Atingimento Individual Famosa | E120: 0.0375 | F120: 0.075 | G120: 0.1
...

Sheet Quadro Geral Teste
A1: Marca do Mês MA | F1: Mês | H1: % Master
A2: Marca do Mês PA | F2: ABR | H2: 1.1037
A4: CLEANE BRANDAO
E5: Avine | G5: Cappellaro | I5: Famosa | K5: S&V | M5: Trebeschi | AB5: Avine | AD5: Cappellaro | AF5: Famosa | AH5: S&V | AJ5: Trebeschi
E6: =SUBTOTAL(109,Promotores9[R$ Avi]) -> 0 | G6: =SUBTOTAL(109,Promotores9[R$ Capp]) -> 0 | I6: =SUBTOTAL(109,Promotores9[R$ Fam]) -> 0 | K6: =SUBTOTAL(109,Promotores9[R$ S&V]) -> 0 | M6: =SUBTOTAL(109,Promotores9[R$ Treb]) -> 0 | N6: =SUBTOTAL(109,Promotores9[Master]) -> 150 | O6: =SUBTOTAL(109,Promotores9[APP]) -> 0 | Q6: =SUBTOTAL(109,Promotores9[R$ Dev]) -> 0 | R6: =SUBTOTAL(109,Promotores9[Total]) -> 600 | AB6: =SUBTOTAL(109,Coordenadores10[R$ Avi]) -> 0 | AD6: =SUBTOTAL(109,Coordenadores10[R$ Capp]) -> 0 | AF6: =SUBTOTAL(109,Coordenadores10[R$ Fam]) -> 0 | AH6: =SUBTOTAL(109,Coordenadores10[R$ S&V]) -> 0 | AK6: =SUBTOTAL(109,Coordenadores10[Master]) -> 200 | AL6: =SUBTOTAL(109,Coordenadores10[Gestor]) -> 1200 | AN6: =SUBTOTAL(109,Promotores9[R$ Dev]) -> 0 | AO6: =SUBTOTAL(109,Coordenadores10[Total]) -> #REF!
A7: Promotor | B7: Sell Out | C7: Nível | D7: % Avi | E7: R$ Avi | F7: % Capp | G7: R$ Capp | H7: % Fam | I7: R$ Fam | J7: % S&V | K7: R$ S&V | L7: % Treb | M7: R$ Treb | N7: Master | O7: APP | P7: % Dev | Q7: R$ Dev | R7: Total | S7: Regional | T7: Estoque | U7: Preço | X7: Coordenador | Y7: Sell Out | Z7: Nível | AA7: % Avi | AB7: R$ Avi | AC7: % Capp | AD7: R$ Capp | AE7: % Fam | AF7: R$ Fam | AG7: % S&V | AH7: R$ S&V | AI7: % Treb | AJ7: R$ Treb | AK7: Master | AL7: Gestor | AM7: % Dev | AN7: R$ Dev | AO7: Total
A8: ALBA | B8: =IFERROR(IFERROR(IF(VLOOKUP(Promotores9[[#This Row],[Promotor]],Rotas_Geral[Prom Avine],1,0)=Promotores9[[#This Row],[Promotor]],SUMIFS(Rotas_Geral[Resultado],Rotas_Geral[Prom Avine],Promotores9[[#This Row],[Promotor]])),SUMIFS(Rotas_Geral[Resultado],Rotas_Geral[Prom Frutas],Promotores9[[#This Row],[Promotor]])),0)+IFERROR(IFERROR(IF(VLOOKUP(Promotores9[[#This Row],[Promotor]],Rotas_Geral[Prom Avine],1,0)=Promotores9[[#This Row],[Promotor]],SUMIFS(Rotas_Geral[Result Capp],Rotas_Geral[Prom Avine],Promotores9[[#This Row],[Promotor]])),SUMIFS(Rotas_Geral[Result Capp],Rotas_Geral[Prom Frutas],Promotores9[[#This Row],[Promotor]])),0) -> 0 | C8: =IF(Promotores9[[#This Row],[Sell Out]]>=300000,"A+",IF(Promotores9[[#This Row],[Sell Out]]>=260000,"A",IF(Promotores9[[#This Row],[Sell Out]]>=200000,"B","C"))) -> C | D8: =IFERROR(IFERROR(IF(VLOOKUP(Promotores9[[#This Row],[Promotor]],Rotas_Geral[Prom Avine],1,0)=Promotores9[[#This Row],[Promotor]],SUMIFS(Rotas_Geral[Resultado],Rotas_Geral[Prom Avine],Promotores9[[#This Row],[Promotor]])/SUMIFS(Rotas_Geral[Meta],Rotas_Geral[Prom Avine],Promotores9[[#This Row],[Promotor]])),SUMIFS(Rotas_Geral[Resultado],Rotas_Geral[Prom Frutas],Promotores9[[#This Row],[Promotor]])/SUMIFS(Rotas_Geral[Meta],Rotas_Geral[Prom Frutas],Promotores9[[#This Row],[Promotor]])),0) -> 0 | E8: =IFERROR(IF(OR(VLOOKUP(A8,Rotas[[PROMOTOR]:[REGIONAL]],2,0)="Pará Sul",VLOOKUP(A8,Rotas[[PROMOTOR]:[REGIONAL]],2,0)="Pará Norte"),IF($C$2=$E$5,(IF(Promotores9[[#This Row],[% Avi]]>=115%,VLOOKUP(Promotores9[[#This Row],[Nível]],'Regras Premiação'!$T$4:$W$7,4,0),IF(Promotores9[[#This Row],[% Avi]]>=100%,VLOOKUP(Promotores9[[#This Row],[Nível]],'Regras Premiação'!$T$4:$W$7,3,0),IF(Promotores9[[#This Row],[% Avi]]>=90%,VLOOKUP(Promotores9[[#This Row],[Nível]],'Regras Premiação'!$T$4:$W$7,2,0),0))))*2,IF(Promotores9[[#This Row],[% Avi]]>=115%,VLOOKUP(Promotores9[[#This Row],[Nível]],'Regras Premiação'!$T$4:$W$7,4,0),IF(Promotores9[[#This Row],[% Avi]]>=100%,VLOOKUP(Promotores9[[#This Row],[Nível]],'Regras Premiação'!$T$4:$W$7,3,0),IF(Promotores9[[#This Row],[% Avi]]>=90%,VLOOKUP(Promotores9[[#This Row],[Nível]],'Regras Premiação'!$T$4:$W$7,2,0),0)))),IF($C$1=$E$5,(IF(Promotores9[[#This Row],[% Avi]]>=115%,VLOOKUP(Promotores9[[#This Row],[Nível]],'Regras Premiação'!$T$4:$W$7,4,0),IF(Promotores9[[#This Row],[% Avi]]>=100%,VLOOKUP(Promotores9[[#This Row],[Nível]],'Regras Premiação'!$T$4:$W$7,3,0),IF(Promotores9[[#This Row],[% Avi]]>=90%,VLOOKUP(Promotores9[[#This Row],[Nível]],'Regras Premiação'!$T$4:$W$7,2,0),0))))*2,IF(Promotores9[[#This Row],[% Avi]]>=115%,VLOOKUP(Promotores9[[#This Row],[Nível]],'Regras Premiação'!$T$4:$W$7,4,0),IF(Promotores9[[#This Row],[% Avi]]>=100%,VLOOKUP(Promotores9[[#This Row],[Nível]],'Regras Premiação'!$T$4:$W$7,3,0),IF(Promotores9[[#This Row],[% Avi]]>=90%,VLOOKUP(Promotores9[[#This Row],[Nível]],'Regras Premiação'!$T$4:$W$7,2,0),0))))),0) -> 0 | F8: =IFERROR(IFERROR(IF(VLOOKUP(Promotores9[[#This Row],[Promotor]],Rotas_Geral[Prom Avine],1,0)=Promotores9[[#This Row],[Promotor]],SUMIFS(Rotas_Geral[Result Capp],Rotas_Geral[Prom Avine],Promotores9[[#This Row],[Promotor]])/SUMIFS(Rotas_Geral[Meta Capp],Rotas_Geral[Prom Avine],Promotores9[[#This Row],[Promotor]])),SUMIFS(Rotas_Geral[Result Capp],Rotas_Geral[Prom Frutas],Promotores9[[#This Row],[Promotor]])/SUMIFS(Rotas_Geral[Meta Capp],Rotas_Geral[Prom Frutas],Promotores9[[#This Row],[Promotor]])),0) -> 0 | G8: =IFERROR(IF(OR(VLOOKUP(A8,Rotas[[PROMOTOR]:[REGIONAL]],2,0)="Pará Sul",VLOOKUP(A8,Rotas[[PROMOTOR]:[REGIONAL]],2,0)="Pará Norte"),IF($C$2=$G$5,(IF(Promotores9[[#This Row],[% Capp]]>=115%,VLOOKUP(Promotores9[[#This Row],[Nível]],'Regras Premiação'!$T$4:$W$7,4,0),IF(Promotores9[[#This Row],[% Capp]]>=100%,VLOOKUP(Promotores9[[#This Row],[Nível]],'Regras Premiação'!$T$4:$W$7,3,0),IF(Promotores9[[#This Row],[% Capp]]>=90%,VLOOKUP(Promotores9[[#This Row],[Nível]],'Regras Premiação'!$T$4:$W$7,2,0),0))))*2,IF(Promotores9[[#This Row],[% Capp]]>=115%,VLOOKUP(Promotores9[[#This Row],[Nível]],'Regras Premiação'!$T$4:$W$7,4,0),IF(Promotores9[[#This Row],[% Capp]]>=100%,VLOOKUP(Promotores9[[#This Row],[Nível]],'Regras Premiação'!$T$4:$W$7,3,0),IF(Promotores9[[#This Row],[% Capp]]>=90%,VLOOKUP(Promotores9[[#This Row],[Nível]],'Regras Premiação'!$T$4:$W$7,2,0),0)))),IF($C$1=$G$5,(IF(Promotores9[[#This Row],[% Capp]]>=115%,VLOOKUP(Promotores9[[#This Row],[Nível]],'Regras Premiação'!$T$4:$W$7,4,0),IF(Promotores9[[#This Row],[% Capp]]>=100%,VLOOKUP(Promotores9[[#This Row],[Nível]],'Regras Premiação'!$T$4:$W$7,3,0),IF(Promotores9[[#This Row],[% Capp]]>=90%,VLOOKUP(Promotores9[[#This Row],[Nível]],'Regras Premiação'!$T$4:$W$7,2,0),0))))*2,IF(Promotores9[[#This Row],[% Capp]]>=115%,VLOOKUP(Promotores9[[#This Row],[Nível]],'Regras Premiação'!$T$4:$W$7,4,0),IF(Promotores9[[#This Row],[% Capp]]>=100%,VLOOKUP(Promotores9[[#This Row],[Nível]],'Regras Premiação'!$T$4:$W$7,3,0),IF(Promotores9[[#This Row],[% Capp]]>=90%,VLOOKUP(Promotores9[[#This Row],[Nível]],'Regras Premiação'!$T$4:$W$7,2,0),0))))),0) -> 0 | H8: =IFERROR(IFERROR(VLOOKUP(Promotores9[[#This Row],[Promotor]],#REF!,2,0),0)/IFERROR(VLOOKUP(Promotores9[[#This Row],[Promotor]],#REF!,4,0),0),0) -> 0 | I8: =IFERROR(IF(OR(VLOOKUP(A8,Rotas[[PROMOTOR]:[REGIONAL]],2,0)="Pará Sul",VLOOKUP(A8,Rotas[[PROMOTOR]:[REGIONAL]],2,0)="Pará Norte"),IF($C$2=$I$5,(IF(Promotores9[[#This Row],[% Fam]]>=115%,VLOOKUP(Promotores9[[#This Row],[Nível]],'Regras Premiação'!$T$4:$W$7,4,0),IF(Promotores9[[#This Row],[% Fam]]>=100%,VLOOKUP(Promotores9[[#This Row],[Nível]],'Regras Premiação'!$T$4:$W$7,3,0),IF(Promotores9[[#This Row],[% Fam]]>=90%,VLOOKUP(Promotores9[[#This Row],[Nível]],'Regras Premiação'!$T$4:$W$7,2,0),0))))*2,IF(Promotores9[[#This Row],[% Fam]]>=115%,VLOOKUP(Promotores9[[#This Row],[Nível]],'Regras Premiação'!$T$4:$W$7,4,0),IF(Promotores9[[#This Row],[% Fam]]>=100%,VLOOKUP(Promotores9[[#This Row],[Nível]],'Regras Premiação'!$T$4:$W$7,3,0),IF(Promotores9[[#This Row],[% Fam]]>=90%,VLOOKUP(Promotores9[[#This Row],[Nível]],'Regras Premiação'!$T$4:$W$7,2,0),0)))),IF($C$1=$I$5,(IF(Promotores9[[#This Row],[% Fam]]>=115%,VLOOKUP(Promotores9[[#This Row],[Nível]],'Regras Premiação'!$T$4:$W$7,4,0),IF(Promotores9[[#This Row],[% Fam]]>=100%,VLOOKUP(Promotores9[[#This Row],[Nível]],'Regras Premiação'!$T$4:$W$7,3,0),IF(Promotores9[[#This Row],[% Fam]]>=90%,VLOOKUP(Promotores9[[#This Row],[Nível]],'Regras Premiação'!$T$4:$W$7,2,0),0))))*2,IF(Promotores9[[#This Row],[% Fam]]>=115%,VLOOKUP(Promotores9[[#This Row],[Nível]],'Regras Premiação'!$T$4:$W$7,4,0),IF(Promotores9[[#This Row],[% Fam]]>=100%,VLOOKUP(Promotores9[[#This Row],[Nível]],'Regras Premiação'!$T$4:$W$7,3,0),IF(Promotores9[[#This Row],[% Fam]]>=90%,VLOOKUP(Promotores9[[#This Row],[Nível]],'Regras Premiação'!$T$4:$W$7,2,0),0))))),0) -> 0 | J8: =IFERROR(IFERROR(VLOOKUP(Promotores9[[#This Row],[Promotor]],#REF!,2,0),0)/IFERROR(VLOOKUP(Promotores9[[#This Row],[Promotor]],#REF!,4,0),0),0) -> 0 | K8: =0 -> 0 | L8: =IFERROR(IFERROR(VLOOKUP(Promotores9[[#This Row],[Promotor]],#REF!,2,0),0)/IFERROR(VLOOKUP(Promotores9[[#This Row],[Promotor]],#REF!,4,0),0),0) -> 0 | N8: =IF(Promotores9[[#This Row],[Sell Out]]=0,0,IF($H$2>=115%,225,IF($H$2>=100%,150,IF($H$2>=90%,75,0)))) -> 0 | O8: =IFERROR(SUM(IF(Promotores9[[#This Row],[Estoque]]>=100%,112.5,IF(Promotores9[[#This Row],[Estoque]]>=90%,56.25,0)),IF(Promotores9[[#This Row],[Preço]]>=100%,112.5,IF(Promotores9[[#This Row],[Preço]]>=90%,56.25,0))),0) -> 0 | P8: =IFERROR(IFERROR(VLOOKUP(Promotores9[[#This Row],[Promotor]],#REF!,6,0),0)/IFERROR(VLOOKUP(Promotores9[[#This Row],[Promotor]],#REF!,2,0),0),0) -> 0 | Q8: =IF(AND(P8<=1.5%,Promotores9[[#This Row],[Sell Out]]>0,Promotores9[[#This Row],[% Avi]]<>0),225,0) -> 0 | R8: =SUM(Promotores9[[#This Row],[R$ Avi]],Promotores9[[#This Row],[R$ Capp]],Promotores9[[#This Row],[R$ Fam]],Promotores9[[#This Row],[R$ S&V]],Promotores9[[#This Row],[Master]],Promotores9[[#This Row],[APP]],Promotores9[[#This Row],[R$ Dev]],Promotores9[[#This Row],[R$ Treb]]) -> 0 | S8: Piauí | T8: =IFERROR(VLOOKUP(Promotores9[[#This Row],[Promotor]],Base_APP[[Meta]:[% Estoque]],8,0),0) -> 0 | U8: =IFERROR(VLOOKUP(Promotores9[[#This Row],[Promotor]],Base_APP[[Meta]:[% Estoque]],5,0),0) -> 0 | X8: Liliane | Y8: =IFERROR(VLOOKUP(Coordenadores10[[#This Row],[Coordenador]],#REF!,2,0),0)+IFERROR(VLOOKUP(Coordenadores10[[#This Row],[Coordenador]],#REF!,2,0),0)+IFERROR(VLOOKUP(Coordenadores10[[#This Row],[Coordenador]],#REF!,2,0),0) -> 0 | Z8: =IF(Coordenadores10[[#This Row],[Sell Out]]>=1750000,"A+",IF(Coordenadores10[[#This Row],[Sell Out]]>=1000000,"A","B")) -> B | AA8: =IFERROR(VLOOKUP(Coordenadores10[[#This Row],[Coordenador]],#REF!,2,0)/VLOOKUP(Coordenadores10[[#This Row],[Coordenador]],#REF!,4,0),0) -> 0 | AB8: =IFERROR(IF(Coordenadores10[[#This Row],[Coordenador]]="Raianne",IF($C$2=$AB$5,(IF(Coordenadores10[[#This Row],[% Avi]]>=115%,VLOOKUP(Coordenadores10[[#This Row],[Nível]],'Regras Premiação'!$Z$4:$AC$6,4,0),IF(Coordenadores10[[#This Row],[% Avi]]>=100%,VLOOKUP(Coordenadores10[[#This Row],[Nível]],'Regras Premiação'!$Z$4:$AC$6,3,0),IF(Coordenadores10[[#This Row],[% Avi]]>=90%,VLOOKUP(Coordenadores10[[#This Row],[Nível]],'Regras Premiação'!$Z$4:$AC$6,2,0),0))))*2,IF(Coordenadores10[[#This Row],[% Avi]]>=115%,VLOOKUP(Coordenadores10[[#This Row],[Nível]],'Regras Premiação'!$Z$4:$AC$6,4,0),IF(Coordenadores10[[#This Row],[% Avi]]>=100%,VLOOKUP(Coordenadores10[[#This Row],[Nível]],'Regras Premiação'!$Z$4:$AC$6,3,0),IF(Coordenadores10[[#This Row],[% Avi]]>=90%,VLOOKUP(Coordenadores10[[#This Row],[Nível]],'Regras Premiação'!$Z$4:$AC$6,2,0),0)))),IF($C$1=$AB$5,(IF(Coordenadores10[[#This Row],[% Avi]]>=115%,VLOOKUP(Coordenadores10[[#This Row],[Nível]],'Regras Premiação'!$Z$4:$AC$6,4,0),IF(Coordenadores10[[#This Row],[% Avi]]>=100%,VLOOKUP(Coordenadores10[[#This Row],[Nível]],'Regras Premiação'!$Z$4:$AC$6,3,0),IF(Coordenadores10[[#This Row],[% Avi]]>=90%,VLOOKUP(Coordenadores10[[#This Row],[Nível]],'Regras Premiação'!$Z$4:$AC$6,2,0),0))))*2,IF(Coordenadores10[[#This Row],[% Avi]]>=115%,VLOOKUP(Coordenadores10[[#This Row],[Nível]],'Regras Premiação'!$Z$4:$AC$6,4,0),IF(Coordenadores10[[#This Row],[% Avi]]>=100%,VLOOKUP(Coordenadores10[[#This Row],[Nível]],'Regras Premiação'!$Z$4:$AC$6,3,0),IF(Coordenadores10[[#This Row],[% Avi]]>=90%,VLOOKUP(Coordenadores10[[#This Row],[Nível]],'Regras Premiação'!$Z$4:$AC$6,2,0),0))))),0) -> 0 | AC8: =IFERROR(VLOOKUP(Coordenadores10[[#This Row],[Coordenador]],#REF!,2,0)/VLOOKUP(Coordenadores10[[#This Row],[Coordenador]],#REF!,4,0),0) -> 0 | AD8: =IFERROR(IF(Coordenadores10[[#This Row],[Coordenador]]="Raianne",IF($C$2=$AD$5,(IF(Coordenadores10[[#This Row],[% Capp]]>=115%,VLOOKUP(Coordenadores10[[#This Row],[Nível]],'Regras Premiação'!$Z$4:$AC$6,4,0),IF(Coordenadores10[[#This Row],[% Capp]]>=100%,VLOOKUP(Coordenadores10[[#This Row],[Nível]],'Regras Premiação'!$Z$4:$AC$6,3,0),IF(Coordenadores10[[#This Row],[% Capp]]>=90%,VLOOKUP(Coordenadores10[[#This Row],[Nível]],'Regras Premiação'!$Z$4:$AC$6,2,0),0))))*2,IF(Coordenadores10[[#This Row],[% Capp]]>=115%,VLOOKUP(Coordenadores10[[#This Row],[Nível]],'Regras Premiação'!$Z$4:$AC$6,4,0),IF(Coordenadores10[[#This Row],[% Capp]]>=100%,VLOOKUP(Coordenadores10[[#This Row],[Nível]],'Regras Premiação'!$Z$4:$AC$6,3,0),IF(Coordenadores10[[#This Row],[% Capp]]>=90%,VLOOKUP(Coordenadores10[[#This Row],[Nível]],'Regras Premiação'!$Z$4:$AC$6,2,0),0)))),IF($C$1=$AD$5,(IF(Coordenadores10[[#This Row],[% Capp]]>=115%,VLOOKUP(Coordenadores10[[#This Row],[Nível]],'Regras Premiação'!$Z$4:$AC$6,4,0),IF(Coordenadores10[[#This Row],[% Capp]]>=100%,VLOOKUP(Coordenadores10[[#This Row],[Nível]],'Regras Premiação'!$Z$4:$AC$6,3,0),IF(Coordenadores10[[#This Row],[% Capp]]>=90%,VLOOKUP(Coordenadores10[[#This Row],[Nível]],'Regras Premiação'!$Z$4:$AC$6,2,0),0))))*2,IF(Coordenadores10[[#This Row],[% Capp]]>=115%,VLOOKUP(Coordenadores10[[#This Row],[Nível]],'Regras Premiação'!$Z$4:$AC$6,4,0),IF(Coordenadores10[[#This Row],[% Capp]]>=100%,VLOOKUP(Coordenadores10[[#This Row],[Nível]],'Regras Premiação'!$Z$4:$AC$6,3,0),IF(Coordenadores10[[#This Row],[% Capp]]>=90%,VLOOKUP(Coordenadores10[[#This Row],[Nível]],'Regras Premiação'!$Z$4:$AC$6,2,0),0))))),0) -> 0 | AE8: =IFERROR(VLOOKUP(Coordenadores10[[#This Row],[Coordenador]],#REF!,2,0)/VLOOKUP(Coordenadores10[[#This Row],[Coordenador]],#REF!,4,0),0) -> 0 | AF8: =IFERROR(IF(Coordenadores10[[#This Row],[Coordenador]]="Raianne",IF($C$2=$AD$5,(IF(Coordenadores10[[#This Row],[% Fam]]>=115%,VLOOKUP(Coordenadores10[[#This Row],[Nível]],'Regras Premiação'!$Z$4:$AC$6,4,0),IF(Coordenadores10[[#This Row],[% Fam]]>=100%,VLOOKUP(Coordenadores10[[#This Row],[Nível]],'Regras Premiação'!$Z$4:$AC$6,3,0),IF(Coordenadores10[[#This Row],[% Fam]]>=90%,VLOOKUP(Coordenadores10[[#This Row],[Nível]],'Regras Premiação'!$Z$4:$AC$6,2,0),0))))*2,IF(Coordenadores10[[#This Row],[% Fam]]>=115%,VLOOKUP(Coordenadores10[[#This Row],[Nível]],'Regras Premiação'!$Z$4:$AC$6,4,0),IF(Coordenadores10[[#This Row],[% Fam]]>=100%,VLOOKUP(Coordenadores10[[#This Row],[Nível]],'Regras Premiação'!$Z$4:$AC$6,3,0),IF(Coordenadores10[[#This Row],[% Fam]]>=90%,VLOOKUP(Coordenadores10[[#This Row],[Nível]],'Regras Premiação'!$Z$4:$AC$6,2,0),0)))),IF($C$1=$AD$5,(IF(Coordenadores10[[#This Row],[% Fam]]>=115%,VLOOKUP(Coordenadores10[[#This Row],[Nível]],'Regras Premiação'!$Z$4:$AC$6,4,0),IF(Coordenadores10[[#This Row],[% Fam]]>=100%,VLOOKUP(Coordenadores10[[#This Row],[Nível]],'Regras Premiação'!$Z$4:$AC$6,3,0),IF(Coordenadores10[[#This Row],[% Fam]]>=90%,VLOOKUP(Coordenadores10[[#This Row],[Nível]],'Regras Premiação'!$Z$4:$AC$6,2,0),0))))*2,IF(Coordenadores10[[#This Row],[% Fam]]>=115%,VLOOKUP(Coordenadores10[[#This Row],[Nível]],'Regras Premiação'!$Z$4:$AC$6,4,0),IF(Coordenadores10[[#This Row],[% Fam]]>=100%,VLOOKUP(Coordenadores10[[#This Row],[Nível]],'Regras Premiação'!$Z$4:$AC$6,3,0),IF(Coordenadores10[[#This Row],[% Fam]]>=90%,VLOOKUP(Coordenadores10[[#This Row],[Nível]],'Regras Premiação'!$Z$4:$AC$6,2,0),0))))),0) -> 0 | AG8: =IFERROR(VLOOKUP(Coordenadores10[[#This Row],[Coordenador]],#REF!,2,0)/VLOOKUP(Coordenadores10[[#This Row],[Coordenador]],#REF!,4,0),0) -> 0 | AI8: =AI9 -> 0 | AJ8: =IFERROR(IF(Coordenadores10[[#This Row],[Coordenador]]="Raianne",IF($C$2=$AJ$5,(IF(Coordenadores10[[#This Row],[% Treb]]>=115%,VLOOKUP(Coordenadores10[[#This Row],[Nível]],'Regras Premiação'!$Z$4:$AC$6,4,0),IF(Coordenadores10[[#This Row],[% Treb]]>=100%,VLOOKUP(Coordenadores10[[#This Row],[Nível]],'Regras Premiação'!$Z$4:$AC$6,3,0),IF(Coordenadores10[[#This Row],[% Treb]]>=90%,VLOOKUP(Coordenadores10[[#This Row],[Nível]],'Regras Premiação'!$Z$4:$AC$6,2,0),0))))*2,IF(Coordenadores10[[#This Row],[% Treb]]>=115%,VLOOKUP(Coordenadores10[[#This Row],[Nível]],'Regras Premiação'!$Z$4:$AC$6,4,0),IF(Coordenadores10[[#This Row],[% Treb]]>=100%,VLOOKUP(Coordenadores10[[#This Row],[Nível]],'Regras Premiação'!$Z$4:$AC$6,3,0),IF(Coordenadores10[[#This Row],[% Treb]]>=90%,VLOOKUP(Coordenadores10[[#This Row],[Nível]],'Regras Premiação'!$Z$4:$AC$6,2,0),0)))),IF($C$1=$AJ$5,(IF(Coordenadores10[[#This Row],[% Treb]]>=115%,VLOOKUP(Coordenadores10[[#This Row],[Nível]],'Regras Premiação'!$Z$4:$AC$6,4,0),IF(Coordenadores10[[#This Row],[% Treb]]>=100%,VLOOKUP(Coordenadores10[[#This Row],[Nível]],'Regras Premiação'!$Z$4:$AC$6,3,0),IF(Coordenadores10[[#This Row],[% Treb]]>=90%,VLOOKUP(Coordenadores10[[#This Row],[Nível]],'Regras Premiação'!$Z$4:$AC$6,2,0),0))))*2,IF(Coordenadores10[[#This Row],[% Treb]]>=115%,VLOOKUP(Coordenadores10[[#This Row],[Nível]],'Regras Premiação'!$Z$4:$AC$6,4,0),IF(Coordenadores10[[#This Row],[% Treb]]>=100%,VLOOKUP(Coordenadores10[[#This Row],[Nível]],'Regras Premiação'!$Z$4:$AC$6,3,0),IF(Coordenadores10[[#This Row],[% Treb]]>=90%,VLOOKUP(Coordenadores10[[#This Row],[Nível]],'Regras Premiação'!$Z$4:$AC$6,2,0),0))))),0) -> 0 | AK8: =IF(Coordenadores10[[#This Row],[Sell Out]]=0,0,IF($H$2>=115%,300,IF($H$2>=100%,200,IF($H$2>=90%,100,0)))) -> 0 | AL8: 300 | AM8: =IFERROR(IFERROR(VLOOKUP(Coordenadores10[[#This Row],[Coordenador]],#REF!,6,0),0)/IFERROR(VLOOKUP(Coordenadores10[[#This Row],[Coordenador]],#REF!,5,0),0),0) -> 0 | AN8: =IF(AND(Coordenadores10[[#This Row],[% Dev]]<=1.5%,Coordenadores10[[#This Row],[% Dev]]<>0),300,0) -> 0 | AO8: =SUM(Coordenadores10[[#This Row],[R$ Avi]],Coordenadores10[[#This Row],[R$ Capp]],Coordenadores10[[#This Row],[R$ Fam]],Coordenadores10[[#This Row],[R$ S&V]],Coordenadores10[[#This Row],[Master]],Coordenadores10[[#This Row],[Gestor]],Coordenadores10[[#This Row],[R$ Dev]],Coordenadores10[[#This Row],[R$ Treb]]) -> 300
A9: ALEXANDRE | B9: =IFERROR(IFERROR(IF(VLOOKUP(Promotores9[[#This Row],[Promotor]],Rotas_Geral[Prom Avine],1,0)=Promotores9[[#This Row],[Promotor]],SUMIFS(Rotas_Geral[Resultado],Rotas_Geral[Prom Avine],Promotores9[[#This Row],[Promotor]])),SUMIFS(Rotas_Geral[Resultado],Rotas_Geral[Prom Frutas],Promotores9[[#This Row],[Promotor]])),0)+IFERROR(IFERROR(IF(VLOOKUP(Promotores9[[#This Row],[Promotor]],Rotas_Geral[Prom Avine],1,0)=Promotores9[[#This Row],[Promotor]],SUMIFS(Rotas_Geral[Result Capp],Rotas_Geral[Prom Avine],Promotores9[[#This Row],[Promotor]])),SUMIFS(Rotas_Geral[Result Capp],Rotas_Geral[Prom Frutas],Promotores9[[#This Row],[Promotor]])),0)+97000 -> 97000 | C9: =IF(Promotores9[[#This Row],[Sell Out]]>=300000,"A+",IF(Promotores9[[#This Row],[Sell Out]]>=260000,"A",IF(Promotores9[[#This Row],[Sell Out]]>=200000,"B","C"))) -> C | D9: =IFERROR(IFERROR(IF(VLOOKUP(Promotores9[[#This Row],[Promotor]],Rotas_Geral[Prom Avine],1,0)=Promotores9[[#This Row],[Promotor]],SUMIFS(Rotas_Geral[Resultado],Rotas_Geral[Prom Avine],Promotores9[[#This Row],[Promotor]])/SUMIFS(Rotas_Geral[Meta],Rotas_Geral[Prom Avine],Promotores9[[#This Row],[Promotor]])),SUMIFS(Rotas_Geral[Resultado],Rotas_Geral[Prom Frutas],Promotores9[[#This Row],[Promotor]])/SUMIFS(Rotas_Geral[Meta],Rotas_Geral[Prom Frutas],Promotores9[[#This Row],[Promotor]])),0) -> 0 | E9: =IFERROR(IF(OR(VLOOKUP(A9,Rotas[[PROMOTOR]:[REGIONAL]],2,0)="Pará Sul",VLOOKUP(A9,Rotas[[PROMOTOR]:[REGIONAL]],2,0)="Pará Norte"),IF($C$2=$E$5,(IF(Promotores9[[#This Row],[% Avi]]>=115%,VLOOKUP(Promotores9[[#This Row],[Nível]],'Regras Premiação'!$T$4:$W$7,4,0),IF(Promotores9[[#This Row],[% Avi]]>=100%,VLOOKUP(Promotores9[[#This Row],[Nível]],'Regras Premiação'!$T$4:$W$7,3,0),IF(Promotores9[[#This Row],[% Avi]]>=90%,VLOOKUP(Promotores9[[#This Row],[Nível]],'Regras Premiação'!$T$4:$W$7,2,0),0))))*2,IF(Promotores9[[#This Row],[% Avi]]>=115%,VLOOKUP(Promotores9[[#This Row],[Nível]],'Regras Premiação'!$T$4:$W$7,4,0),IF(Promotores9[[#This Row],[% Avi]]>=100%,VLOOKUP(Promotores9[[#This Row],[Nível]],'Regras Premiação'!$T$4:$W$7,3,0),IF(Promotores9[[#This Row],[% Avi]]>=90%,VLOOKUP(Promotores9[[#This Row],[Nível]],'Regras Premiação'!$T$4:$W$7,2,0),0)))),IF($C$1=$E$5,(IF(Promotores9[[#This Row],[% Avi]]>=115%,VLOOKUP(Promotores9[[#This Row],[Nível]],'Regras Premiação'!$T$4:$W$7,4,0),IF(Promotores9[[#This Row],[% Avi]]>=100%,VLOOKUP(Promotores9[[#This Row],[Nível]],'Regras Premiação'!$T$4:$W$7,3,0),IF(Promotores9[[#This Row],[% Avi]]>=90%,VLOOKUP(Promotores9[[#This Row],[Nível]],'Regras Premiação'!$T$4:$W$7,2,0),0))))*2,IF(Promotores9[[#This Row],[% Avi]]>=115%,VLOOKUP(Promotores9[[#This Row],[Nível]],'Regras Premiação'!$T$4:$W$7,4,0),IF(Promotores9[[#This Row],[% Avi]]>=100%,VLOOKUP(Promotores9[[#This Row],[Nível]],'Regras Premiação'!$T$4:$W$7,3,0),IF(Promotores9[[#This Row],[% Avi]]>=90%,VLOOKUP(Promotores9[[#This Row],[Nível]],'Regras Premiação'!$T$4:$W$7,2,0),0))))),0) -> 0 | F9: =IFERROR(IFERROR(IF(VLOOKUP(Promotores9[[#This Row],[Promotor]],Rotas_Geral[Prom Avine],1,0)=Promotores9[[#This Row],[Promotor]],SUMIFS(Rotas_Geral[Result Capp],Rotas_Geral[Prom Avine],Promotores9[[#This Row],[Promotor]])/SUMIFS(Rotas_Geral[Meta Capp],Rotas_Geral[Prom Avine],Promotores9[[#This Row],[Promotor]])),SUMIFS(Rotas_Geral[Result Capp],Rotas_Geral[Prom Frutas],Promotores9[[#This Row],[Promotor]])/SUMIFS(Rotas_Geral[Meta Capp],Rotas_Geral[Prom Frutas],Promotores9[[#This Row],[Promotor]])),0) -> 0 | G9: =IFERROR(IF(OR(VLOOKUP(A9,Rotas[[PROMOTOR]:[REGIONAL]],2,0)="Pará Sul",VLOOKUP(A9,Rotas[[PROMOTOR]:[REGIONAL]],2,0)="Pará Norte"),IF($C$2=$G$5,(IF(Promotores9[[#This Row],[% Capp]]>=115%,VLOOKUP(Promotores9[[#This Row],[Nível]],'Regras Premiação'!$T$4:$W$7,4,0),IF(Promotores9[[#This Row],[% Capp]]>=100%,VLOOKUP(Promotores9[[#This Row],[Nível]],'Regras Premiação'!$T$4:$W$7,3,0),IF(Promotores9[[#This Row],[% Capp]]>=90%,VLOOKUP(Promotores9[[#This Row],[Nível]],'Regras Premiação'!$T$4:$W$7,2,0),0))))*2,IF(Promotores9[[#This Row],[% Capp]]>=115%,VLOOKUP(Promotores9[[#This Row],[Nível]],'Regras Premiação'!$T$4:$W$7,4,0),IF(Promotores9[[#This Row],[% Capp]]>=100%,VLOOKUP(Promotores9[[#This Row],[Nível]],'Regras Premiação'!$T$4:$W$7,3,0),IF(Promotores9[[#This Row],[% Capp]]>=90%,VLOOKUP(Promotores9[[#This Row],[Nível]],'Regras Premiação'!$T$4:$W$7,2,0),0)))),IF($C$1=$G$5,(IF(Promotores9[[#This Row],[% Capp]]>=115%,VLOOKUP(Promotores9[[#This Row],[Nível]],'Regras Premiação'!$T$4:$W$7,4,0),IF(Promotores9[[#This Row],[% Capp]]>=100%,VLOOKUP(Promotores9[[#This Row],[Nível]],'Regras Premiação'!$T$4:$W$7,3,0),IF(Promotores9[[#This Row],[% Capp]]>=90%,VLOOKUP(Promotores9[[#This Row],[Nível]],'Regras Premiação'!$T$4:$W$7,2,0),0))))*2,IF(Promotores9[[#This Row],[% Capp]]>=115%,VLOOKUP(Promotores9[[#This Row],[Nível]],'Regras Premiação'!$T$4:$W$7,4,0),IF(Promotores9[[#This Row],[% Capp]]>=100%,VLOOKUP(Promotores9[[#This Row],[Nível]],'Regras Premiação'!$T$4:$W$7,3,0),IF(Promotores9[[#This Row],[% Capp]]>=90%,VLOOKUP(Promotores9[[#This Row],[Nível]],'Regras Premiação'!$T$4:$W$7,2,0),0))))),0) -> 0 | H9: =IFERROR(IFERROR(VLOOKUP(Promotores9[[#This Row],[Promotor]],#REF!,2,0),0)/IFERROR(VLOOKUP(Promotores9[[#This Row],[Promotor]],#REF!,4,0),0),0) -> 0 | I9: =IFERROR(IF(OR(VLOOKUP(A9,Rotas[[PROMOTOR]:[REGIONAL]],2,0)="Pará Sul",VLOOKUP(A9,Rotas[[PROMOTOR]:[REGIONAL]],2,0)="Pará Norte"),IF($C$2=$I$5,(IF(Promotores9[[#This Row],[% Fam]]>=115%,VLOOKUP(Promotores9[[#This Row],[Nível]],'Regras Premiação'!$T$4:$W$7,4,0),IF(Promotores9[[#This Row],[% Fam]]>=100%,VLOOKUP(Promotores9[[#This Row],[Nível]],'Regras Premiação'!$T$4:$W$7,3,0),IF(Promotores9[[#This Row],[% Fam]]>=90%,VLOOKUP(Promotores9[[#This Row],[Nível]],'Regras Premiação'!$T$4:$W$7,2,0),0))))*2,IF(Promotores9[[#This Row],[% Fam]]>=115%,VLOOKUP(Promotores9[[#This Row],[Nível]],'Regras Premiação'!$T$4:$W$7,4,0),IF(Promotores9[[#This Row],[% Fam]]>=100%,VLOOKUP(Promotores9[[#This Row],[Nível]],'Regras Premiação'!$T$4:$W$7,3,0),IF(Promotores9[[#This Row],[% Fam]]>=90%,VLOOKUP(Promotores9[[#This Row],[Nível]],'Regras Premiação'!$T$4:$W$7,2,0),0)))),IF($C$1=$I$5,(IF(Promotores9[[#This Row],[% Fam]]>=115%,VLOOKUP(Promotores9[[#This Row],[Nível]],'Regras Premiação'!$T$4:$W$7,4,0),IF(Promotores9[[#This Row],[% Fam]]>=100%,VLOOKUP(Promotores9[[#This Row],[Nível]],'Regras Premiação'!$T$4:$W$7,3,0),IF(Promotores9[[#This Row],[% Fam]]>=90%,VLOOKUP(Promotores9[[#This Row],[Nível]],'Regras Premiação'!$T$4:$W$7,2,0),0))))*2,IF(Promotores9[[#This Row],[% Fam]]>=115%,VLOOKUP(Promotores9[[#This Row],[Nível]],'Regras Premiação'!$T$4:$W$7,4,0),IF(Promotores9[[#This Row],[% Fam]]>=100%,VLOOKUP(Promotores9[[#This Row],[Nível]],'Regras Premiação'!$T$4:$W$7,3,0),IF(Promotores9[[#This Row],[% Fam]]>=90%,VLOOKUP(Promotores9[[#This Row],[Nível]],'Regras Premiação'!$T$4:$W$7,2,0),0))))),0) -> 0 | J9: =IFERROR(IFERROR(VLOOKUP(Promotores9[[#This Row],[Promotor]],#REF!,2,0),0)/IFERROR(VLOOKUP(Promotores9[[#This Row],[Promotor]],#REF!,4,0),0),0) -> 0 | K9: =0 -> 0 | L9: =IFERROR(IFERROR(VLOOKUP(Promotores9[[#This Row],[Promotor]],#REF!,2,0),0)/IFERROR(VLOOKUP(Promotores9[[#This Row],[Promotor]],#REF!,4,0),0),0) -> 0 | N9: =IF(Promotores9[[#This Row],[Sell Out]]=0,0,IF($H$2>=115%,225,IF($H$2>=100%,150,IF($H$2>=90%,75,0)))) -> 150 | O9: =IFERROR(SUM(IF(Promotores9[[#This Row],[Estoque]]>=100%,112.5,IF(Promotores9[[#This Row],[Estoque]]>=90%,56.25,0)),IF(Promotores9[[#This Row],[Preço]]>=100%,112.5,IF(Promotores9[[#This Row],[Preço]]>=90%,56.25,0))),0) -> 0 | P9: =IFERROR(IFERROR(VLOOKUP(Promotores9[[#This Row],[Promotor]],#REF!,6,0),0)/IFERROR(VLOOKUP(Promotores9[[#This Row],[Promotor]],#REF!,2,0),0),0) -> 0 | Q9: =IF(AND(P9<=1.5%,Promotores9[[#This Row],[Sell Out]]>0,Promotores9[[#This Row],[% Avi]]<>0),225,0) -> 0 | R9: =SUM(Promotores9[[#This Row],[R$ Avi]],Promotores9[[#This Row],[R$ Capp]],Promotores9[[#This Row],[R$ Fam]],Promotores9[[#This Row],[R$ S&V]],Promotores9[[#This Row],[Master]],Promotores9[[#This Row],[APP]],Promotores9[[#This Row],[R$ Dev]],Promotores9[[#This Row],[R$ Treb]]) -> 150 | S9: São Luís | T9: =IFERROR(VLOOKUP(Promotores9[[#This Row],[Promotor]],Base_APP[[Meta]:[% Estoque]],8,0),0) -> 0 | U9: =IFERROR(VLOOKUP(Promotores9[[#This Row],[Promotor]],Base_APP[[Meta]:[% Estoque]],5,0),0) -> 0 | X9: Carla | Y9: =IFERROR(VLOOKUP(Coordenadores10[[#This Row],[Coordenador]],#REF!,2,0),0)+IFERROR(VLOOKUP(Coordenadores10[[#This Row],[Coordenador]],#REF!,2,0),0)+IFERROR(VLOOKUP(Coordenadores10[[#This Row],[Coordenador]],#REF!,2,0),0) -> 0 | Z9: =IF(Coordenadores10[[#This Row],[Sell Out]]>=1750000,"A+",IF(Coordenadores10[[#This Row],[Sell Out]]>=1000000,"A","B")) -> B | AA9: =IFERROR(VLOOKUP(Coordenadores10[[#This Row],[Coordenador]],#REF!,2,0)/VLOOKUP(Coordenadores10[[#This Row],[Coordenador]],#REF!,4,0),0) -> 0 | AB9: =IFERROR(IF(Coordenadores10[[#This Row],[Coordenador]]="Raianne",IF($C$2=$AB$5,(IF(Coordenadores10[[#This Row],[% Avi]]>=115%,VLOOKUP(Coordenadores10[[#This Row],[Nível]],'Regras Premiação'!$Z$4:$AC$6,4,0),IF(Coordenadores10[[#This Row],[% Avi]]>=100%,VLOOKUP(Coordenadores10[[#This Row],[Nível]],'Regras Premiação'!$Z$4:$AC$6,3,0),IF(Coordenadores10[[#This Row],[% Avi]]>=90%,VLOOKUP(Coordenadores10[[#This Row],[Nível]],'Regras Premiação'!$Z$4:$AC$6,2,0),0))))*2,IF(Coordenadores10[[#This Row],[% Avi]]>=115%,VLOOKUP(Coordenadores10[[#This Row],[Nível]],'Regras Premiação'!$Z$4:$AC$6,4,0),IF(Coordenadores10[[#This Row],[% Avi]]>=100%,VLOOKUP(Coordenadores10[[#This Row],[Nível]],'Regras Premiação'!$Z$4:$AC$6,3,0),IF(Coordenadores10[[#This Row],[% Avi]]>=90%,VLOOKUP(Coordenadores10[[#This Row],[Nível]],'Regras Premiação'!$Z$4:$AC$6,2,0),0)))),IF($C$1=$AB$5,(IF(Coordenadores10[[#This Row],[% Avi]]>=115%,VLOOKUP(Coordenadores10[[#This Row],[Nível]],'Regras Premiação'!$Z$4:$AC$6,4,0),IF(Coordenadores10[[#This Row],[% Avi]]>=100%,VLOOKUP(Coordenadores10[[#This Row],[Nível]],'Regras Premiação'!$Z$4:$AC$6,3,0),IF(Coordenadores10[[#This Row],[% Avi]]>=90%,VLOOKUP(Coordenadores10[[#This Row],[Nível]],'Regras Premiação'!$Z$4:$AC$6,2,0),0))))*2,IF(Coordenadores10[[#This Row],[% Avi]]>=115%,VLOOKUP(Coordenadores10[[#This Row],[Nível]],'Regras Premiação'!$Z$4:$AC$6,4,0),IF(Coordenadores10[[#This Row],[% Avi]]>=100%,VLOOKUP(Coordenadores10[[#This Row],[Nível]],'Regras Premiação'!$Z$4:$AC$6,3,0),IF(Coordenadores10[[#This Row],[% Avi]]>=90%,VLOOKUP(Coordenadores10[[#This Row],[Nível]],'Regras Premiação'!$Z$4:$AC$6,2,0),0))))),0) -> 0 | AC9: =IFERROR(VLOOKUP(Coordenadores10[[#This Row],[Coordenador]],#REF!,2,0)/VLOOKUP(Coordenadores10[[#This Row],[Coordenador]],#REF!,4,0),0) -> 0 | AD9: =IFERROR(IF(Coordenadores10[[#This Row],[Coordenador]]="Raianne",IF($C$2=$AD$5,(IF(Coordenadores10[[#This Row],[% Capp]]>=115%,VLOOKUP(Coordenadores10[[#This Row],[Nível]],'Regras Premiação'!$Z$4:$AC$6,4,0),IF(Coordenadores10[[#This Row],[% Capp]]>=100%,VLOOKUP(Coordenadores10[[#This Row],[Nível]],'Regras Premiação'!$Z$4:$AC$6,3,0),IF(Coordenadores10[[#This Row],[% Capp]]>=90%,VLOOKUP(Coordenadores10[[#This Row],[Nível]],'Regras Premiação'!$Z$4:$AC$6,2,0),0))))*2,IF(Coordenadores10[[#This Row],[% Capp]]>=115%,VLOOKUP(Coordenadores10[[#This Row],[Nível]],'Regras Premiação'!$Z$4:$AC$6,4,0),IF(Coordenadores10[[#This Row],[% Capp]]>=100%,VLOOKUP(Coordenadores10[[#This Row],[Nível]],'Regras Premiação'!$Z$4:$AC$6,3,0),IF(Coordenadores10[[#This Row],[% Capp]]>=90%,VLOOKUP(Coordenadores10[[#This Row],[Nível]],'Regras Premiação'!$Z$4:$AC$6,2,0),0)))),IF($C$1=$AD$5,(IF(Coordenadores10[[#This Row],[% Capp]]>=115%,VLOOKUP(Coordenadores10[[#This Row],[Nível]],'Regras Premiação'!$Z$4:$AC$6,4,0),IF(Coordenadores10[[#This Row],[% Capp]]>=100%,VLOOKUP(Coordenadores10[[#This Row],[Nível]],'Regras Premiação'!$Z$4:$AC$6,3,0),IF(Coordenadores10[[#This Row],[% Capp]]>=90%,VLOOKUP(Coordenadores10[[#This Row],[Nível]],'Regras Premiação'!$Z$4:$AC$6,2,0),0))))*2,IF(Coordenadores10[[#This Row],[% Capp]]>=115%,VLOOKUP(Coordenadores10[[#This Row],[Nível]],'Regras Premiação'!$Z$4:$AC$6,4,0),IF(Coordenadores10[[#This Row],[% Capp]]>=100%,VLOOKUP(Coordenadores10[[#This Row],[Nível]],'Regras Premiação'!$Z$4:$AC$6,3,0),IF(Coordenadores10[[#This Row],[% Capp]]>=90%,VLOOKUP(Coordenadores10[[#This Row],[Nível]],'Regras Premiação'!$Z$4:$AC$6,2,0),0))))),0) -> 0 | AE9: =IFERROR(VLOOKUP(Coordenadores10[[#This Row],[Coordenador]],#REF!,2,0)/VLOOKUP(Coordenadores10[[#This Row],[Coordenador]],#REF!,4,0),0) -> 0 | AF9: =IFERROR(IF(Coordenadores10[[#This Row],[Coordenador]]="Raianne",IF($C$2=$AD$5,(IF(Coordenadores10[[#This Row],[% Fam]]>=115%,VLOOKUP(Coordenadores10[[#This Row],[Nível]],'Regras Premiação'!$Z$4:$AC$6,4,0),IF(Coordenadores10[[#This Row],[% Fam]]>=100%,VLOOKUP(Coordenadores10[[#This Row],[Nível]],'Regras Premiação'!$Z$4:$AC$6,3,0),IF(Coordenadores10[[#This Row],[% Fam]]>=90%,VLOOKUP(Coordenadores10[[#This Row],[Nível]],'Regras Premiação'!$Z$4:$AC$6,2,0),0))))*2,IF(Coordenadores10[[#This Row],[% Fam]]>=115%,VLOOKUP(Coordenadores10[[#This Row],[Nível]],'Regras Premiação'!$Z$4:$AC$6,4,0),IF(Coordenadores10[[#This Row],[% Fam]]>=100%,VLOOKUP(Coordenadores10[[#This Row],[Nível]],'Regras Premiação'!$Z$4:$AC$6,3,0),IF(Coordenadores10[[#This Row],[% Fam]]>=90%,VLOOKUP(Coordenadores10[[#This Row],[Nível]],'Regras Premiação'!$Z$4:$AC$6,2,0),0)))),IF($C$1=$AD$5,(IF(Coordenadores10[[#This Row],[% Fam]]>=115%,VLOOKUP(Coordenadores10[[#This Row],[Nível]],'Regras Premiação'!$Z$4:$AC$6,4,0),IF(Coordenadores10[[#This Row],[% Fam]]>=100%,VLOOKUP(Coordenadores10[[#This Row],[Nível]],'Regras Premiação'!$Z$4:$AC$6,3,0),IF(Coordenadores10[[#This Row],[% Fam]]>=90%,VLOOKUP(Coordenadores10[[#This Row],[Nível]],'Regras Premiação'!$Z$4:$AC$6,2,0),0))))*2,IF(Coordenadores10[[#This Row],[% Fam]]>=115%,VLOOKUP(Coordenadores10[[#This Row],[Nível]],'Regras Premiação'!$Z$4:$AC$6,4,0),IF(Coordenadores10[[#This Row],[% Fam]]>=100%,VLOOKUP(Coordenadores10[[#This Row],[Nível]],'Regras Premiação'!$Z$4:$AC$6,3,0),IF(Coordenadores10[[#This Row],[% Fam]]>=90%,VLOOKUP(Coordenadores10[[#This Row],[Nível]],'Regras Premiação'!$Z$4:$AC$6,2,0),0))))),0) -> 0 | AG9: =IFERROR(VLOOKUP(Coordenadores10[[#This Row],[Coordenador]],#REF!,2,0)/VLOOKUP(Coordenadores10[[#This Row],[Coordenador]],#REF!,4,0),0) -> 0 | AI9: =IFERROR(VLOOKUP(Coordenadores10[[#This Row],[Coordenador]],#REF!,2,0)/VLOOKUP(Coordenadores10[[#This Row],[Coordenador]],#REF!,4,0),0) -> 0 | AJ9: =IFERROR(IF(Coordenadores10[[#This Row],[Coordenador]]="Raianne",IF($C$2=$AJ$5,(IF(Coordenadores10[[#This Row],[% Treb]]>=115%,VLOOKUP(Coordenadores10[[#This Row],[Nível]],'Regras Premiação'!$Z$4:$AC$6,4,0),IF(Coordenadores10[[#This Row],[% Treb]]>=100%,VLOOKUP(Coordenadores10[[#This Row],[Nível]],'Regras Premiação'!$Z$4:$AC$6,3,0),IF(Coordenadores10[[#This Row],[% Treb]]>=90%,VLOOKUP(Coordenadores10[[#This Row],[Nível]],'Regras Premiação'!$Z$4:$AC$6,2,0),0))))*2,IF(Coordenadores10[[#This Row],[% Treb]]>=115%,VLOOKUP(Coordenadores10[[#This Row],[Nível]],'Regras Premiação'!$Z$4:$AC$6,4,0),IF(Coordenadores10[[#This Row],[% Treb]]>=100%,VLOOKUP(Coordenadores10[[#This Row],[Nível]],'Regras Premiação'!$Z$4:$AC$6,3,0),IF(Coordenadores10[[#This Row],[% Treb]]>=90%,VLOOKUP(Coordenadores10[[#This Row],[Nível]],'Regras Premiação'!$Z$4:$AC$6,2,0),0)))),IF($C$1=$AJ$5,(IF(Coordenadores10[[#This Row],[% Treb]]>=115%,VLOOKUP(Coordenadores10[[#This Row],[Nível]],'Regras Premiação'!$Z$4:$AC$6,4,0),IF(Coordenadores10[[#This Row],[% Treb]]>=100%,VLOOKUP(Coordenadores10[[#This Row],[Nível]],'Regras Premiação'!$Z$4:$AC$6,3,0),IF(Coordenadores10[[#This Row],[% Treb]]>=90%,VLOOKUP(Coordenadores10[[#This Row],[Nível]],'Regras Premiação'!$Z$4:$AC$6,2,0),0))))*2,IF(Coordenadores10[[#This Row],[% Treb]]>=115%,VLOOKUP(Coordenadores10[[#This Row],[Nível]],'Regras Premiação'!$Z$4:$AC$6,4,0),IF(Coordenadores10[[#This Row],[% Treb]]>=100%,VLOOKUP(Coordenadores10[[#This Row],[Nível]],'Regras Premiação'!$Z$4:$AC$6,3,0),IF(Coordenadores10[[#This Row],[% Treb]]>=90%,VLOOKUP(Coordenadores10[[#This Row],[Nível]],'Regras Premiação'!$Z$4:$AC$6,2,0),0))))),0) -> 0 | AK9: =IF(Coordenadores10[[#This Row],[Sell Out]]=0,0,IF($H$2>=115%,300,IF($H$2>=100%,200,IF($H$2>=90%,100,0)))) -> 0 | AL9: 300 | AM9: =IFERROR(IFERROR(VLOOKUP(Coordenadores10[[#This Row],[Coordenador]],#REF!,6,0),0)/IFERROR(VLOOKUP(Coordenadores10[[#This Row],[Coordenador]],#REF!,5,0),0),0) -> 0 | AN9: =IF(AND(Coordenadores10[[#This Row],[% Dev]]<=1.5%,Coordenadores10[[#This Row],[% Dev]]<>0),300,0) -> 0 | AO9: =SUM(Coordenadores10[[#This Row],[R$ Avi]],Coordenadores10[[#This Row],[R$ Capp]],Coordenadores10[[#This Row],[R$ Fam]],Coordenadores10[[#This Row],[R$ S&V]],Coordenadores10[[#This Row],[Master]],Coordenadores10[[#This Row],[Gestor]],Coordenadores10[[#This Row],[R$ Dev]],Coordenadores10[[#This Row],[R$ Treb]]) -> 300
A10: AMANDA | B10: =IFERROR(IFERROR(IF(VLOOKUP(Promotores9[[#This Row],[Promotor]],Rotas_Geral[Prom Avine],1,0)=Promotores9[[#This Row],[Promotor]],SUMIFS(Rotas_Geral[Resultado],Rotas_Geral[Prom Avine],Promotores9[[#This Row],[Promotor]])),SUMIFS(Rotas_Geral[Resultado],Rotas_Geral[Prom Frutas],Promotores9[[#This Row],[Promotor]])),0)+IFERROR(IFERROR(IF(VLOOKUP(Promotores9[[#This Row],[Promotor]],Rotas_Geral[Prom Avine],1,0)=Promotores9[[#This Row],[Promotor]],SUMIFS(Rotas_Geral[Result Capp],Rotas_Geral[Prom Avine],Promotores9[[#This Row],[Promotor]])),SUMIFS(Rotas_Geral[Result Capp],Rotas_Geral[Prom Frutas],Promotores9[[#This Row],[Promotor]])),0) -> 0 | C10: =IF(Promotores9[[#This Row],[Sell Out]]>=300000,"A+",IF(Promotores9[[#This Row],[Sell Out]]>=260000,"A",IF(Promotores9[[#This Row],[Sell Out]]>=200000,"B","C"))) -> C | D10: =IFERROR(IFERROR(IF(VLOOKUP(Promotores9[[#This Row],[Promotor]],Rotas_Geral[Prom Avine],1,0)=Promotores9[[#This Row],[Promotor]],SUMIFS(Rotas_Geral[Resultado],Rotas_Geral[Prom Avine],Promotores9[[#This Row],[Promotor]])/SUMIFS(Rotas_Geral[Meta],Rotas_Geral[Prom Avine],Promotores9[[#This Row],[Promotor]])),SUMIFS(Rotas_Geral[Resultado],Rotas_Geral[Prom Frutas],Promotores9[[#This Row],[Promotor]])/SUMIFS(Rotas_Geral[Meta],Rotas_Geral[Prom Frutas],Promotores9[[#This Row],[Promotor]])),0) -> 0 | E10: =IFERROR(IF(OR(VLOOKUP(A10,Rotas[[PROMOTOR]:[REGIONAL]],2,0)="Pará Sul",VLOOKUP(A10,Rotas[[PROMOTOR]:[REGIONAL]],2,0)="Pará Norte"),IF($C$2=$E$5,(IF(Promotores9[[#This Row],[% Avi]]>=115%,VLOOKUP(Promotores9[[#This Row],[Nível]],'Regras Premiação'!$T$4:$W$7,4,0),IF(Promotores9[[#This Row],[% Avi]]>=100%,VLOOKUP(Promotores9[[#This Row],[Nível]],'Regras Premiação'!$T$4:$W$7,3,0),IF(Promotores9[[#This Row],[% Avi]]>=90%,VLOOKUP(Promotores9[[#This Row],[Nível]],'Regras Premiação'!$T$4:$W$7,2,0),0))))*2,IF(Promotores9[[#This Row],[% Avi]]>=115%,VLOOKUP(Promotores9[[#This Row],[Nível]],'Regras Premiação'!$T$4:$W$7,4,0),IF(Promotores9[[#This Row],[% Avi]]>=100%,VLOOKUP(Promotores9[[#This Row],[Nível]],'Regras Premiação'!$T$4:$W$7,3,0),IF(Promotores9[[#This Row],[% Avi]]>=90%,VLOOKUP(Promotores9[[#This Row],[Nível]],'Regras Premiação'!$T$4:$W$7,2,0),0)))),IF($C$1=$E$5,(IF(Promotores9[[#This Row],[% Avi]]>=115%,VLOOKUP(Promotores9[[#This Row],[Nível]],'Regras Premiação'!$T$4:$W$7,4,0),IF(Promotores9[[#This Row],[% Avi]]>=100%,VLOOKUP(Promotores9[[#This Row],[Nível]],'Regras Premiação'!$T$4:$W$7,3,0),IF(Promotores9[[#This Row],[% Avi]]>=90%,VLOOKUP(Promotores9[[#This Row],[Nível]],'Regras Premiação'!$T$4:$W$7,2,0),0))))*2,IF(Promotores9[[#This Row],[% Avi]]>=115%,VLOOKUP(Promotores9[[#This Row],[Nível]],'Regras Premiação'!$T$4:$W$7,4,0),IF(Promotores9[[#This Row],[% Avi]]>=100%,VLOOKUP(Promotores9[[#This Row],[Nível]],'Regras Premiação'!$T$4:$W$7,3,0),IF(Promotores9[[#This Row],[% Avi]]>=90%,VLOOKUP(Promotores9[[#This Row],[Nível]],'Regras Premiação'!$T$4:$W$7,2,0),0))))),0) -> 0 | F10: =IFERROR(IFERROR(IF(VLOOKUP(Promotores9[[#This Row],[Promotor]],Rotas_Geral[Prom Avine],1,0)=Promotores9[[#This Row],[Promotor]],SUMIFS(Rotas_Geral[Result Capp],Rotas_Geral[Prom Avine],Promotores9[[#This Row],[Promotor]])/SUMIFS(Rotas_Geral[Meta Capp],Rotas_Geral[Prom Avine],Promotores9[[#This Row],[Promotor]])),SUMIFS(Rotas_Geral[Result Capp],Rotas_Geral[Prom Frutas],Promotores9[[#This Row],[Promotor]])/SUMIFS(Rotas_Geral[Meta Capp],Rotas_Geral[Prom Frutas],Promotores9[[#This Row],[Promotor]])),0) -> 0 | G10: =IFERROR(IF(OR(VLOOKUP(A10,Rotas[[PROMOTOR]:[REGIONAL]],2,0)="Pará Sul",VLOOKUP(A10,Rotas[[PROMOTOR]:[REGIONAL]],2,0)="Pará Norte"),IF($C$2=$G$5,(IF(Promotores9[[#This Row],[% Capp]]>=115%,VLOOKUP(Promotores9[[#This Row],[Nível]],'Regras Premiação'!$T$4:$W$7,4,0),IF(Promotores9[[#This Row],[% Capp]]>=100%,VLOOKUP(Promotores9[[#This Row],[Nível]],'Regras Premiação'!$T$4:$W$7,3,0),IF(Promotores9[[#This Row],[% Capp]]>=90%,VLOOKUP(Promotores9[[#This Row],[Nível]],'Regras Premiação'!$T$4:$W$7,2,0),0))))*2,IF(Promotores9[[#This Row],[% Capp]]>=115%,VLOOKUP(Promotores9[[#This Row],[Nível]],'Regras Premiação'!$T$4:$W$7,4,0),IF(Promotores9[[#This Row],[% Capp]]>=100%,VLOOKUP(Promotores9[[#This Row],[Nível]],'Regras Premiação'!$T$4:$W$7,3,0),IF(Promotores9[[#This Row],[% Capp]]>=90%,VLOOKUP(Promotores9[[#This Row],[Nível]],'Regras Premiação'!$T$4:$W$7,2,0),0)))),IF($C$1=$G$5,(IF(Promotores9[[#This Row],[% Capp]]>=115%,VLOOKUP(Promotores9[[#This Row],[Nível]],'Regras Premiação'!$T$4:$W$7,4,0),IF(Promotores9[[#This Row],[% Capp]]>=100%,VLOOKUP(Promotores9[[#This Row],[Nível]],'Regras Premiação'!$T$4:$W$7,3,0),IF(Promotores9[[#This Row],[% Capp]]>=90%,VLOOKUP(Promotores9[[#This Row],[Nível]],'Regras Premiação'!$T$4:$W$7,2,0),0))))*2,IF(Promotores9[[#This Row],[% Capp]]>=115%,VLOOKUP(Promotores9[[#This Row],[Nível]],'Regras Premiação'!$T$4:$W$7,4,0),IF(Promotores9[[#This Row],[% Capp]]>=100%,VLOOKUP(Promotores9[[#This Row],[Nível]],'Regras Premiação'!$T$4:$W$7,3,0),IF(Promotores9[[#This Row],[% Capp]]>=90%,VLOOKUP(Promotores9[[#This Row],[Nível]],'Regras Premiação'!$T$4:$W$7,2,0),0))))),0) -> 0 | H10: =IFERROR(IFERROR(VLOOKUP(Promotores9[[#This Row],[Promotor]],#REF!,2,0),0)/IFERROR(VLOOKUP(Promotores9[[#This Row],[Promotor]],#REF!,4,0),0),0) -> 0 | I10: =IFERROR(IF(OR(VLOOKUP(A10,Rotas[[PROMOTOR]:[REGIONAL]],2,0)="Pará Sul",VLOOKUP(A10,Rotas[[PROMOTOR]:[REGIONAL]],2,0)="Pará Norte"),IF($C$2=$I$5,(IF(Promotores9[[#This Row],[% Fam]]>=115%,VLOOKUP(Promotores9[[#This Row],[Nível]],'Regras Premiação'!$T$4:$W$7,4,0),IF(Promotores9[[#This Row],[% Fam]]>=100%,VLOOKUP(Promotores9[[#This Row],[Nível]],'Regras Premiação'!$T$4:$W$7,3,0),IF(Promotores9[[#This Row],[% Fam]]>=90%,VLOOKUP(Promotores9[[#This Row],[Nível]],'Regras Premiação'!$T$4:$W$7,2,0),0))))*2,IF(Promotores9[[#This Row],[% Fam]]>=115%,VLOOKUP(Promotores9[[#This Row],[Nível]],'Regras Premiação'!$T$4:$W$7,4,0),IF(Promotores9[[#This Row],[% Fam]]>=100%,VLOOKUP(Promotores9[[#This Row],[Nível]],'Regras Premiação'!$T$4:$W$7,3,0),IF(Promotores9[[#This Row],[% Fam]]>=90%,VLOOKUP(Promotores9[[#This Row],[Nível]],'Regras Premiação'!$T$4:$W$7,2,0),0)))),IF($C$1=$I$5,(IF(Promotores9[[#This Row],[% Fam]]>=115%,VLOOKUP(Promotores9[[#This Row],[Nível]],'Regras Premiação'!$T$4:$W$7,4,0),IF(Promotores9[[#This Row],[% Fam]]>=100%,VLOOKUP(Promotores9[[#This Row],[Nível]],'Regras Premiação'!$T$4:$W$7,3,0),IF(Promotores9[[#This Row],[% Fam]]>=90%,VLOOKUP(Promotores9[[#This Row],[Nível]],'Regras Premiação'!$T$4:$W$7,2,0),0))))*2,IF(Promotores9[[#This Row],[% Fam]]>=115%,VLOOKUP(Promotores9[[#This Row],[Nível]],'Regras Premiação'!$T$4:$W$7,4,0),IF(Promotores9[[#This Row],[% Fam]]>=100%,VLOOKUP(Promotores9[[#This Row],[Nível]],'Regras Premiação'!$T$4:$W$7,3,0),IF(Promotores9[[#This Row],[% Fam]]>=90%,VLOOKUP(Promotores9[[#This Row],[Nível]],'Regras Premiação'!$T$4:$W$7,2,0),0))))),0) -> 0 | J10: =IFERROR(IFERROR(VLOOKUP(Promotores9[[#This Row],[Promotor]],#REF!,2,0),0)/IFERROR(VLOOKUP(Promotores9[[#This Row],[Promotor]],#REF!,4,0),0),0) -> 0 | K10: =0 -> 0 | L10: =IFERROR(IFERROR(VLOOKUP(Promotores9[[#This Row],[Promotor]],#REF!,2,0),0)/IFERROR(VLOOKUP(Promotores9[[#This Row],[Promotor]],#REF!,4,0),0),0) -> 0 | N10: =IF(Promotores9[[#This Row],[Sell Out]]=0,0,IF($H$2>=115%,225,IF($H$2>=100%,150,IF($H$2>=90%,75,0)))) -> 0 | O10: =IFERROR(SUM(IF(Promotores9[[#This Row],[Estoque]]>=100%,112.5,IF(Promotores9[[#This Row],[Estoque]]>=90%,56.25,0)),IF(Promotores9[[#This Row],[Preço]]>=100%,112.5,IF(Promotores9[[#This Row],[Preço]]>=90%,56.25,0))),0) -> 0 | P10: =IFERROR(IFERROR(VLOOKUP(Promotores9[[#This Row],[Promotor]],#REF!,6,0),0)/IFERROR(VLOOKUP(Promotores9[[#This Row],[Promotor]],#REF!,2,0),0),0) -> 0 | Q10: =IF(AND(P10<=1.5%,Promotores9[[#This Row],[Sell Out]]>0,Promotores9[[#This Row],[% Avi]]<>0),225,0) -> 0 | R10: =SUM(Promotores9[[#This Row],[R$ Avi]],Promotores9[[#This Row],[R$ Capp]],Promotores9[[#This Row],[R$ Fam]],Promotores9[[#This Row],[R$ S&V]],Promotores9[[#This Row],[Master]],Promotores9[[#This Row],[APP]],Promotores9[[#This Row],[R$ Dev]],Promotores9[[#This Row],[R$ Treb]]) -> 0 | S10: São Luís | T10: =IFERROR(VLOOKUP(Promotores9[[#This Row],[Promotor]],Base_APP[[Meta]:[% Estoque]],8,0),0) -> 0 | U10: =IFERROR(VLOOKUP(Promotores9[[#This Row],[Promotor]],Base_APP[[Meta]:[% Estoque]],5,0),0) -> 0 | X10: Thieude | Y10: =IFERROR(VLOOKUP(Coordenadores10[[#This Row],[Coordenador]],#REF!,2,0),0)+IFERROR(VLOOKUP(Coordenadores10[[#This Row],[Coordenador]],#REF!,2,0),0)+IFERROR(VLOOKUP(Coordenadores10[[#This Row],[Coordenador]],#REF!,2,0),0) -> 0 | Z10: =IF(Coordenadores10[[#This Row],[Sell Out]]>=1750000,"A+",IF(Coordenadores10[[#This Row],[Sell Out]]>=1000000,"A","B")) -> B | AA10: =IFERROR(VLOOKUP(Coordenadores10[[#This Row],[Coordenador]],#REF!,2,0)/VLOOKUP(Coordenadores10[[#This Row],[Coordenador]],#REF!,4,0),0) -> 0 | AB10: =IFERROR(IF(Coordenadores10[[#This Row],[Coordenador]]="Raianne",IF($C$2=$AB$5,(IF(Coordenadores10[[#This Row],[% Avi]]>=115%,VLOOKUP(Coordenadores10[[#This Row],[Nível]],'Regras Premiação'!$Z$4:$AC$6,4,0),IF(Coordenadores10[[#This Row],[% Avi]]>=100%,VLOOKUP(Coordenadores10[[#This Row],[Nível]],'Regras Premiação'!$Z$4:$AC$6,3,0),IF(Coordenadores10[[#This Row],[% Avi]]>=90%,VLOOKUP(Coordenadores10[[#This Row],[Nível]],'Regras Premiação'!$Z$4:$AC$6,2,0),0))))*2,IF(Coordenadores10[[#This Row],[% Avi]]>=115%,VLOOKUP(Coordenadores10[[#This Row],[Nível]],'Regras Premiação'!$Z$4:$AC$6,4,0),IF(Coordenadores10[[#This Row],[% Avi]]>=100%,VLOOKUP(Coordenadores10[[#This Row],[Nível]],'Regras Premiação'!$Z$4:$AC$6,3,0),IF(Coordenadores10[[#This Row],[% Avi]]>=90%,VLOOKUP(Coordenadores10[[#This Row],[Nível]],'Regras Premiação'!$Z$4:$AC$6,2,0),0)))),IF($C$1=$AB$5,(IF(Coordenadores10[[#This Row],[% Avi]]>=115%,VLOOKUP(Coordenadores10[[#This Row],[Nível]],'Regras Premiação'!$Z$4:$AC$6,4,0),IF(Coordenadores10[[#This Row],[% Avi]]>=100%,VLOOKUP(Coordenadores10[[#This Row],[Nível]],'Regras Premiação'!$Z$4:$AC$6,3,0),IF(Coordenadores10[[#This Row],[% Avi]]>=90%,VLOOKUP(Coordenadores10[[#This Row],[Nível]],'Regras Premiação'!$Z$4:$AC$6,2,0),0))))*2,IF(Coordenadores10[[#This Row],[% Avi]]>=115%,VLOOKUP(Coordenadores10[[#This Row],[Nível]],'Regras Premiação'!$Z$4:$AC$6,4,0),IF(Coordenadores10[[#This Row],[% Avi]]>=100%,VLOOKUP(Coordenadores10[[#This Row],[Nível]],'Regras Premiação'!$Z$4:$AC$6,3,0),IF(Coordenadores10[[#This Row],[% Avi]]>=90%,VLOOKUP(Coordenadores10[[#This Row],[Nível]],'Regras Premiação'!$Z$4:$AC$6,2,0),0))))),0) -> 0 | AC10: =IFERROR(VLOOKUP(Coordenadores10[[#This Row],[Coordenador]],#REF!,2,0)/VLOOKUP(Coordenadores10[[#This Row],[Coordenador]],#REF!,4,0),0) -> 0 | AD10: =IFERROR(IF(Coordenadores10[[#This Row],[Coordenador]]="Raianne",IF($C$2=$AD$5,(IF(Coordenadores10[[#This Row],[% Capp]]>=115%,VLOOKUP(Coordenadores10[[#This Row],[Nível]],'Regras Premiação'!$Z$4:$AC$6,4,0),IF(Coordenadores10[[#This Row],[% Capp]]>=100%,VLOOKUP(Coordenadores10[[#This Row],[Nível]],'Regras Premiação'!$Z$4:$AC$6,3,0),IF(Coordenadores10[[#This Row],[% Capp]]>=90%,VLOOKUP(Coordenadores10[[#This Row],[Nível]],'Regras Premiação'!$Z$4:$AC$6,2,0),0))))*2,IF(Coordenadores10[[#This Row],[% Capp]]>=115%,VLOOKUP(Coordenadores10[[#This Row],[Nível]],'Regras Premiação'!$Z$4:$AC$6,4,0),IF(Coordenadores10[[#This Row],[% Capp]]>=100%,VLOOKUP(Coordenadores10[[#This Row],[Nível]],'Regras Premiação'!$Z$4:$AC$6,3,0),IF(Coordenadores10[[#This Row],[% Capp]]>=90%,VLOOKUP(Coordenadores10[[#This Row],[Nível]],'Regras Premiação'!$Z$4:$AC$6,2,0),0)))),IF($C$1=$AD$5,(IF(Coordenadores10[[#This Row],[% Capp]]>=115%,VLOOKUP(Coordenadores10[[#This Row],[Nível]],'Regras Premiação'!$Z$4:$AC$6,4,0),IF(Coordenadores10[[#This Row],[% Capp]]>=100%,VLOOKUP(Coordenadores10[[#This Row],[Nível]],'Regras Premiação'!$Z$4:$AC$6,3,0),IF(Coordenadores10[[#This Row],[% Capp]]>=90%,VLOOKUP(Coordenadores10[[#This Row],[Nível]],'Regras Premiação'!$Z$4:$AC$6,2,0),0))))*2,IF(Coordenadores10[[#This Row],[% Capp]]>=115%,VLOOKUP(Coordenadores10[[#This Row],[Nível]],'Regras Premiação'!$Z$4:$AC$6,4,0),IF(Coordenadores10[[#This Row],[% Capp]]>=100%,VLOOKUP(Coordenadores10[[#This Row],[Nível]],'Regras Premiação'!$Z$4:$AC$6,3,0),IF(Coordenadores10[[#This Row],[% Capp]]>=90%,VLOOKUP(Coordenadores10[[#This Row],[Nível]],'Regras Premiação'!$Z$4:$AC$6,2,0),0))))),0) -> 0 | AE10: =IFERROR(VLOOKUP(Coordenadores10[[#This Row],[Coordenador]],#REF!,2,0)/VLOOKUP(Coordenadores10[[#This Row],[Coordenador]],#REF!,4,0),0) -> 0 | AF10: =IFERROR(IF(Coordenadores10[[#This Row],[Coordenador]]="Raianne",IF($C$2=$AD$5,(IF(Coordenadores10[[#This Row],[% Fam]]>=115%,VLOOKUP(Coordenadores10[[#This Row],[Nível]],'Regras Premiação'!$Z$4:$AC$6,4,0),IF(Coordenadores10[[#This Row],[% Fam]]>=100%,VLOOKUP(Coordenadores10[[#This Row],[Nível]],'Regras Premiação'!$Z$4:$AC$6,3,0),IF(Coordenadores10[[#This Row],[% Fam]]>=90%,VLOOKUP(Coordenadores10[[#This Row],[Nível]],'Regras Premiação'!$Z$4:$AC$6,2,0),0))))*2,IF(Coordenadores10[[#This Row],[% Fam]]>=115%,VLOOKUP(Coordenadores10[[#This Row],[Nível]],'Regras Premiação'!$Z$4:$AC$6,4,0),IF(Coordenadores10[[#This Row],[% Fam]]>=100%,VLOOKUP(Coordenadores10[[#This Row],[Nível]],'Regras Premiação'!$Z$4:$AC$6,3,0),IF(Coordenadores10[[#This Row],[% Fam]]>=90%,VLOOKUP(Coordenadores10[[#This Row],[Nível]],'Regras Premiação'!$Z$4:$AC$6,2,0),0)))),IF($C$1=$AD$5,(IF(Coordenadores10[[#This Row],[% Fam]]>=115%,VLOOKUP(Coordenadores10[[#This Row],[Nível]],'Regras Premiação'!$Z$4:$AC$6,4,0),IF(Coordenadores10[[#This Row],[% Fam]]>=100%,VLOOKUP(Coordenadores10[[#This Row],[Nível]],'Regras Premiação'!$Z$4:$AC$6,3,0),IF(Coordenadores10[[#This Row],[% Fam]]>=90%,VLOOKUP(Coordenadores10[[#This Row],[Nível]],'Regras Premiação'!$Z$4:$AC$6,2,0),0))))*2,IF(Coordenadores10[[#This Row],[% Fam]]>=115%,VLOOKUP(Coordenadores10[[#This Row],[Nível]],'Regras Premiação'!$Z$4:$AC$6,4,0),IF(Coordenadores10[[#This Row],[% Fam]]>=100%,VLOOKUP(Coordenadores10[[#This Row],[Nível]],'Regras Premiação'!$Z$4:$AC$6,3,0),IF(Coordenadores10[[#This Row],[% Fam]]>=90%,VLOOKUP(Coordenadores10[[#This Row],[Nível]],'Regras Premiação'!$Z$4:$AC$6,2,0),0))))),0) -> 0 | AG10: =IFERROR(VLOOKUP(Coordenadores10[[#This Row],[Coordenador]],#REF!,2,0)/VLOOKUP(Coordenadores10[[#This Row],[Coordenador]],#REF!,4,0),0) -> 0 | AI10: =IFERROR(VLOOKUP(Coordenadores10[[#This Row],[Coordenador]],#REF!,2,0)/VLOOKUP(Coordenadores10[[#This Row],[Coordenador]],#REF!,4,0),0) -> 0 | AJ10: =IFERROR(IF(Coordenadores10[[#This Row],[Coordenador]]="Raianne",IF($C$2=$AJ$5,(IF(Coordenadores10[[#This Row],[% Treb]]>=115%,VLOOKUP(Coordenadores10[[#This Row],[Nível]],'Regras Premiação'!$Z$4:$AC$6,4,0),IF(Coordenadores10[[#This Row],[% Treb]]>=100%,VLOOKUP(Coordenadores10[[#This Row],[Nível]],'Regras Premiação'!$Z$4:$AC$6,3,0),IF(Coordenadores10[[#This Row],[% Treb]]>=90%,VLOOKUP(Coordenadores10[[#This Row],[Nível]],'Regras Premiação'!$Z$4:$AC$6,2,0),0))))*2,IF(Coordenadores10[[#This Row],[% Treb]]>=115%,VLOOKUP(Coordenadores10[[#This Row],[Nível]],'Regras Premiação'!$Z$4:$AC$6,4,0),IF(Coordenadores10[[#This Row],[% Treb]]>=100%,VLOOKUP(Coordenadores10[[#This Row],[Nível]],'Regras Premiação'!$Z$4:$AC$6,3,0),IF(Coordenadores10[[#This Row],[% Treb]]>=90%,VLOOKUP(Coordenadores10[[#This Row],[Nível]],'Regras Premiação'!$Z$4:$AC$6,2,0),0)))),IF($C$1=$AJ$5,(IF(Coordenadores10[[#This Row],[% Treb]]>=115%,VLOOKUP(Coordenadores10[[#This Row],[Nível]],'Regras Premiação'!$Z$4:$AC$6,4,0),IF(Coordenadores10[[#This Row],[% Treb]]>=100%,VLOOKUP(Coordenadores10[[#This Row],[Nível]],'Regras Premiação'!$Z$4:$AC$6,3,0),IF(Coordenadores10[[#This Row],[% Treb]]>=90%,VLOOKUP(Coordenadores10[[#This Row],[Nível]],'Regras Premiação'!$Z$4:$AC$6,2,0),0))))*2,IF(Coordenadores10[[#This Row],[% Treb]]>=115%,VLOOKUP(Coordenadores10[[#This Row],[Nível]],'Regras Premiação'!$Z$4:$AC$6,4,0),IF(Coordenadores10[[#This Row],[% Treb]]>=100%,VLOOKUP(Coordenadores10[[#This Row],[Nível]],'Regras Premiação'!$Z$4:$AC$6,3,0),IF(Coordenadores10[[#This Row],[% Treb]]>=90%,VLOOKUP(Coordenadores10[[#This Row],[Nível]],'Regras Premiação'!$Z$4:$AC$6,2,0),0))))),0) -> 0 | AK10: =IF(Coordenadores10[[#This Row],[Sell Out]]=0,0,IF($H$2>=115%,300,IF($H$2>=100%,200,IF($H$2>=90%,100,0)))) -> 0 | AL10: 300 | AM10: =IFERROR(IFERROR(VLOOKUP(Coordenadores10[[#This Row],[Coordenador]],#REF!,6,0),0)/IFERROR(VLOOKUP(Coordenadores10[[#This Row],[Coordenador]],#REF!,5,0),0),0) -> 0 | AN10: =IF(AND(Coordenadores10[[#This Row],[% Dev]]<=1.5%,Coordenadores10[[#This Row],[% Dev]]<>0),300,0) -> 0 | AO10: =SUM(Coordenadores10[[#This Row],[R$ Avi]],Coordenadores10[[#This Row],[R$ Capp]],Coordenadores10[[#This Row],[R$ Fam]],Coordenadores10[[#This Row],[R$ S&V]],Coordenadores10[[#This Row],[Master]],Coordenadores10[[#This Row],[Gestor]],Coordenadores10[[#This Row],[R$ Dev]],Coordenadores10[[#This Row],[R$ Treb]]) -> 300
A11: ANDRESSA NEVES | B11: =IFERROR(IFERROR(IF(VLOOKUP(Promotores9[[#This Row],[Promotor]],Rotas_Geral[Prom Avine],1,0)=Promotores9[[#This Row],[Promotor]],SUMIFS(Rotas_Geral[Resultado],Rotas_Geral[Prom Avine],Promotores9[[#This Row],[Promotor]])),SUMIFS(Rotas_Geral[Resultado],Rotas_Geral[Prom Frutas],Promotores9[[#This Row],[Promotor]])),0)+IFERROR(IFERROR(IF(VLOOKUP(Promotores9[[#This Row],[Promotor]],Rotas_Geral[Prom Avine],1,0)=Promotores9[[#This Row],[Promotor]],SUMIFS(Rotas_Geral[Result Capp],Rotas_Geral[Prom Avine],Promotores9[[#This Row],[Promotor]])),SUMIFS(Rotas_Geral[Result Capp],Rotas_Geral[Prom Frutas],Promotores9[[#This Row],[Promotor]])),0) -> 0 | C11: =IF(Promotores9[[#This Row],[Sell Out]]>=300000,"A+",IF(Promotores9[[#This Row],[Sell Out]]>=260000,"A",IF(Promotores9[[#This Row],[Sell Out]]>=200000,"B","C"))) -> C | D11: =IFERROR(IFERROR(IF(VLOOKUP(Promotores9[[#This Row],[Promotor]],Rotas_Geral[Prom Avine],1,0)=Promotores9[[#This Row],[Promotor]],SUMIFS(Rotas_Geral[Resultado],Rotas_Geral[Prom Avine],Promotores9[[#This Row],[Promotor]])/SUMIFS(Rotas_Geral[Meta],Rotas_Geral[Prom Avine],Promotores9[[#This Row],[Promotor]])),SUMIFS(Rotas_Geral[Resultado],Rotas_Geral[Prom Frutas],Promotores9[[#This Row],[Promotor]])/SUMIFS(Rotas_Geral[Meta],Rotas_Geral[Prom Frutas],Promotores9[[#This Row],[Promotor]])),0) -> 0 | E11: =IFERROR(IF(OR(VLOOKUP(A11,Rotas[[PROMOTOR]:[REGIONAL]],2,0)="Pará Sul",VLOOKUP(A11,Rotas[[PROMOTOR]:[REGIONAL]],2,0)="Pará Norte"),IF($C$2=$E$5,(IF(Promotores9[[#This Row],[% Avi]]>=115%,VLOOKUP(Promotores9[[#This Row],[Nível]],'Regras Premiação'!$T$4:$W$7,4,0),IF(Promotores9[[#This Row],[% Avi]]>=100%,VLOOKUP(Promotores9[[#This Row],[Nível]],'Regras Premiação'!$T$4:$W$7,3,0),IF(Promotores9[[#This Row],[% Avi]]>=90%,VLOOKUP(Promotores9[[#This Row],[Nível]],'Regras Premiação'!$T$4:$W$7,2,0),0))))*2,IF(Promotores9[[#This Row],[% Avi]]>=115%,VLOOKUP(Promotores9[[#This Row],[Nível]],'Regras Premiação'!$T$4:$W$7,4,0),IF(Promotores9[[#This Row],[% Avi]]>=100%,VLOOKUP(Promotores9[[#This Row],[Nível]],'Regras Premiação'!$T$4:$W$7,3,0),IF(Promotores9[[#This Row],[% Avi]]>=90%,VLOOKUP(Promotores9[[#This Row],[Nível]],'Regras Premiação'!$T$4:$W$7,2,0),0)))),IF($C$1=$E$5,(IF(Promotores9[[#This Row],[% Avi]]>=115%,VLOOKUP(Promotores9[[#This Row],[Nível]],'Regras Premiação'!$T$4:$W$7,4,0),IF(Promotores9[[#This Row],[% Avi]]>=100%,VLOOKUP(Promotores9[[#This Row],[Nível]],'Regras Premiação'!$T$4:$W$7,3,0),IF(Promotores9[[#This Row],[% Avi]]>=90%,VLOOKUP(Promotores9[[#This Row],[Nível]],'Regras Premiação'!$T$4:$W$7,2,0),0))))*2,IF(Promotores9[[#This Row],[% Avi]]>=115%,VLOOKUP(Promotores9[[#This Row],[Nível]],'Regras Premiação'!$T$4:$W$7,4,0),IF(Promotores9[[#This Row],[% Avi]]>=100%,VLOOKUP(Promotores9[[#This Row],[Nível]],'Regras Premiação'!$T$4:$W$7,3,0),IF(Promotores9[[#This Row],[% Avi]]>=90%,VLOOKUP(Promotores9[[#This Row],[Nível]],'Regras Premiação'!$T$4:$W$7,2,0),0))))),0) -> 0 | F11: =IFERROR(IFERROR(IF(VLOOKUP(Promotores9[[#This Row],[Promotor]],Rotas_Geral[Prom Avine],1,0)=Promotores9[[#This Row],[Promotor]],SUMIFS(Rotas_Geral[Result Capp],Rotas_Geral[Prom Avine],Promotores9[[#This Row],[Promotor]])/SUMIFS(Rotas_Geral[Meta Capp],Rotas_Geral[Prom Avine],Promotores9[[#This Row],[Promotor]])),SUMIFS(Rotas_Geral[Result Capp],Rotas_Geral[Prom Frutas],Promotores9[[#This Row],[Promotor]])/SUMIFS(Rotas_Geral[Meta Capp],Rotas_Geral[Prom Frutas],Promotores9[[#This Row],[Promotor]])),0) -> 0 | G11: =IFERROR(IF(OR(VLOOKUP(A11,Rotas[[PROMOTOR]:[REGIONAL]],2,0)="Pará Sul",VLOOKUP(A11,Rotas[[PROMOTOR]:[REGIONAL]],2,0)="Pará Norte"),IF($C$2=$G$5,(IF(Promotores9[[#This Row],[% Capp]]>=115%,VLOOKUP(Promotores9[[#This Row],[Nível]],'Regras Premiação'!$T$4:$W$7,4,0),IF(Promotores9[[#This Row],[% Capp]]>=100%,VLOOKUP(Promotores9[[#This Row],[Nível]],'Regras Premiação'!$T$4:$W$7,3,0),IF(Promotores9[[#This Row],[% Capp]]>=90%,VLOOKUP(Promotores9[[#This Row],[Nível]],'Regras Premiação'!$T$4:$W$7,2,0),0))))*2,IF(Promotores9[[#This Row],[% Capp]]>=115%,VLOOKUP(Promotores9[[#This Row],[Nível]],'Regras Premiação'!$T$4:$W$7,4,0),IF(Promotores9[[#This Row],[% Capp]]>=100%,VLOOKUP(Promotores9[[#This Row],[Nível]],'Regras Premiação'!$T$4:$W$7,3,0),IF(Promotores9[[#This Row],[% Capp]]>=90%,VLOOKUP(Promotores9[[#This Row],[Nível]],'Regras Premiação'!$T$4:$W$7,2,0),0)))),IF($C$1=$G$5,(IF(Promotores9[[#This Row],[% Capp]]>=115%,VLOOKUP(Promotores9[[#This Row],[Nível]],'Regras Premiação'!$T$4:$W$7,4,0),IF(Promotores9[[#This Row],[% Capp]]>=100%,VLOOKUP(Promotores9[[#This Row],[Nível]],'Regras Premiação'!$T$4:$W$7,3,0),IF(Promotores9[[#This Row],[% Capp]]>=90%,VLOOKUP(Promotores9[[#This Row],[Nível]],'Regras Premiação'!$T$4:$W$7,2,0),0))))*2,IF(Promotores9[[#This Row],[% Capp]]>=115%,VLOOKUP(Promotores9[[#This Row],[Nível]],'Regras Premiação'!$T$4:$W$7,4,0),IF(Promotores9[[#This Row],[% Capp]]>=100%,VLOOKUP(Promotores9[[#This Row],[Nível]],'Regras Premiação'!$T$4:$W$7,3,0),IF(Promotores9[[#This Row],[% Capp]]>=90%,VLOOKUP(Promotores9[[#This Row],[Nível]],'Regras Premiação'!$T$4:$W$7,2,0),0))))),0) -> 0 | H11: =IFERROR(IFERROR(VLOOKUP(Promotores9[[#This Row],[Promotor]],#REF!,2,0),0)/IFERROR(VLOOKUP(Promotores9[[#This Row],[Promotor]],#REF!,4,0),0),0) -> 0 | I11: =IFERROR(IF(OR(VLOOKUP(A11,Rotas[[PROMOTOR]:[REGIONAL]],2,0)="Pará Sul",VLOOKUP(A11,Rotas[[PROMOTOR]:[REGIONAL]],2,0)="Pará Norte"),IF($C$2=$I$5,(IF(Promotores9[[#This Row],[% Fam]]>=115%,VLOOKUP(Promotores9[[#This Row],[Nível]],'Regras Premiação'!$T$4:$W$7,4,0),IF(Promotores9[[#This Row],[% Fam]]>=100%,VLOOKUP(Promotores9[[#This Row],[Nível]],'Regras Premiação'!$T$4:$W$7,3,0),IF(Promotores9[[#This Row],[% Fam]]>=90%,VLOOKUP(Promotores9[[#This Row],[Nível]],'Regras Premiação'!$T$4:$W$7,2,0),0))))*2,IF(Promotores9[[#This Row],[% Fam]]>=115%,VLOOKUP(Promotores9[[#This Row],[Nível]],'Regras Premiação'!$T$4:$W$7,4,0),IF(Promotores9[[#This Row],[% Fam]]>=100%,VLOOKUP(Promotores9[[#This Row],[Nível]],'Regras Premiação'!$T$4:$W$7,3,0),IF(Promotores9[[#This Row],[% Fam]]>=90%,VLOOKUP(Promotores9[[#This Row],[Nível]],'Regras Premiação'!$T$4:$W$7,2,0),0)))),IF($C$1=$I$5,(IF(Promotores9[[#This Row],[% Fam]]>=115%,VLOOKUP(Promotores9[[#This Row],[Nível]],'Regras Premiação'!$T$4:$W$7,4,0),IF(Promotores9[[#This Row],[% Fam]]>=100%,VLOOKUP(Promotores9[[#This Row],[Nível]],'Regras Premiação'!$T$4:$W$7,3,0),IF(Promotores9[[#This Row],[% Fam]]>=90%,VLOOKUP(Promotores9[[#This Row],[Nível]],'Regras Premiação'!$T$4:$W$7,2,0),0))))*2,IF(Promotores9[[#This Row],[% Fam]]>=115%,VLOOKUP(Promotores9[[#This Row],[Nível]],'Regras Premiação'!$T$4:$W$7,4,0),IF(Promotores9[[#This Row],[% Fam]]>=100%,VLOOKUP(Promotores9[[#This Row],[Nível]],'Regras Premiação'!$T$4:$W$7,3,0),IF(Promotores9[[#This Row],[% Fam]]>=90%,VLOOKUP(Promotores9[[#This Row],[Nível]],'Regras Premiação'!$T$4:$W$7,2,0),0))))),0) -> 0 | J11: =IFERROR(IFERROR(VLOOKUP(Promotores9[[#This Row],[Promotor]],#REF!,2,0),0)/IFERROR(VLOOKUP(Promotores9[[#This Row],[Promotor]],#REF!,4,0),0),0) -> 0 | K11: =0 -> 0 | L11: =IFERROR(IFERROR(VLOOKUP(Promotores9[[#This Row],[Promotor]],#REF!,2,0),0)/IFERROR(VLOOKUP(Promotores9[[#This Row],[Promotor]],#REF!,4,0),0),0) -> 0 | N11: =IF(Promotores9[[#This Row],[Sell Out]]=0,0,IF($H$2>=115%,225,IF($H$2>=100%,150,IF($H$2>=90%,75,0)))) -> 0 | O11: =IFERROR(SUM(IF(Promotores9[[#This Row],[Estoque]]>=100%,112.5,IF(Promotores9[[#This Row],[Estoque]]>=90%,56.25,0)),IF(Promotores9[[#This Row],[Preço]]>=100%,112.5,IF(Promotores9[[#This Row],[Preço]]>=90%,56.25,0))),0) -> 0 | P11: =IFERROR(IFERROR(VLOOKUP(Promotores9[[#This Row],[Promotor]],#REF!,6,0),0)/IFERROR(VLOOKUP(Promotores9[[#This Row],[Promotor]],#REF!,2,0),0),0) -> 0 | Q11: =IF(AND(P11<=1.5%,Promotores9[[#This Row],[Sell Out]]>0,Promotores9[[#This Row],[% Avi]]<>0),225,0) -> 0 | R11: =SUM(Promotores9[[#This Row],[R$ Avi]],Promotores9[[#This Row],[R$ Capp]],Promotores9[[#This Row],[R$ Fam]],Promotores9[[#This Row],[R$ S&V]],Promotores9[[#This Row],[Master]],Promotores9[[#This Row],[APP]],Promotores9[[#This Row],[R$ Dev]],Promotores9[[#This Row],[R$ Treb]]) -> 0 | S11: MA Norte | T11: =IFERROR(VLOOKUP(Promotores9[[#This Row],[Promotor]],Base_APP[[Meta]:[% Estoque]],8,0),0) -> 0 | U11: =IFERROR(VLOOKUP(Promotores9[[#This Row],[Promotor]],Base_APP[[Meta]:[% Estoque]],5,0),0) -> 0 | X11: William | Y11: - | Z11: A | AA11: =AA17 -> #REF! | AB11: =IFERROR(IF(Coordenadores10[[#This Row],[Coordenador]]="Raianne",IF($C$2=$AB$5,(IF(Coordenadores10[[#This Row],[% Avi]]>=115%,VLOOKUP(Coordenadores10[[#This Row],[Nível]],'Regras Premiação'!$Z$4:$AC$6,4,0),IF(Coordenadores10[[#This Row],[% Avi]]>=100%,VLOOKUP(Coordenadores10[[#This Row],[Nível]],'Regras Premiação'!$Z$4:$AC$6,3,0),IF(Coordenadores10[[#This Row],[% Avi]]>=90%,VLOOKUP(Coordenadores10[[#This Row],[Nível]],'Regras Premiação'!$Z$4:$AC$6,2,0),0))))*2,IF(Coordenadores10[[#This Row],[% Avi]]>=115%,VLOOKUP(Coordenadores10[[#This Row],[Nível]],'Regras Premiação'!$Z$4:$AC$6,4,0),IF(Coordenadores10[[#This Row],[% Avi]]>=100%,VLOOKUP(Coordenadores10[[#This Row],[Nível]],'Regras Premiação'!$Z$4:$AC$6,3,0),IF(Coordenadores10[[#This Row],[% Avi]]>=90%,VLOOKUP(Coordenadores10[[#This Row],[Nível]],'Regras Premiação'!$Z$4:$AC$6,2,0),0)))),IF($C$1=$AB$5,(IF(Coordenadores10[[#This Row],[% Avi]]>=115%,VLOOKUP(Coordenadores10[[#This Row],[Nível]],'Regras Premiação'!$Z$4:$AC$6,4,0),IF(Coordenadores10[[#This Row],[% Avi]]>=100%,VLOOKUP(Coordenadores10[[#This Row],[Nível]],'Regras Premiação'!$Z$4:$AC$6,3,0),IF(Coordenadores10[[#This Row],[% Avi]]>=90%,VLOOKUP(Coordenadores10[[#This Row],[Nível]],'Regras Premiação'!$Z$4:$AC$6,2,0),0))))*2,IF(Coordenadores10[[#This Row],[% Avi]]>=115%,VLOOKUP(Coordenadores10[[#This Row],[Nível]],'Regras Premiação'!$Z$4:$AC$6,4,0),IF(Coordenadores10[[#This Row],[% Avi]]>=100%,VLOOKUP(Coordenadores10[[#This Row],[Nível]],'Regras Premiação'!$Z$4:$AC$6,3,0),IF(Coordenadores10[[#This Row],[% Avi]]>=90%,VLOOKUP(Coordenadores10[[#This Row],[Nível]],'Regras Premiação'!$Z$4:$AC$6,2,0),0))))),0) -> 0 | AC11: =AC17 -> #REF! | AD11: =IFERROR(IF(Coordenadores10[[#This Row],[Coordenador]]="Raianne",IF($C$2=$AD$5,(IF(Coordenadores10[[#This Row],[% Capp]]>=115%,VLOOKUP(Coordenadores10[[#This Row],[Nível]],'Regras Premiação'!$Z$4:$AC$6,4,0),IF(Coordenadores10[[#This Row],[% Capp]]>=100%,VLOOKUP(Coordenadores10[[#This Row],[Nível]],'Regras Premiação'!$Z$4:$AC$6,3,0),IF(Coordenadores10[[#This Row],[% Capp]]>=90%,VLOOKUP(Coordenadores10[[#This Row],[Nível]],'Regras Premiação'!$Z$4:$AC$6,2,0),0))))*2,IF(Coordenadores10[[#This Row],[% Capp]]>=115%,VLOOKUP(Coordenadores10[[#This Row],[Nível]],'Regras Premiação'!$Z$4:$AC$6,4,0),IF(Coordenadores10[[#This Row],[% Capp]]>=100%,VLOOKUP(Coordenadores10[[#This Row],[Nível]],'Regras Premiação'!$Z$4:$AC$6,3,0),IF(Coordenadores10[[#This Row],[% Capp]]>=90%,VLOOKUP(Coordenadores10[[#This Row],[Nível]],'Regras Premiação'!$Z$4:$AC$6,2,0),0)))),IF($C$1=$AD$5,(IF(Coordenadores10[[#This Row],[% Capp]]>=115%,VLOOKUP(Coordenadores10[[#This Row],[Nível]],'Regras Premiação'!$Z$4:$AC$6,4,0),IF(Coordenadores10[[#This Row],[% Capp]]>=100%,VLOOKUP(Coordenadores10[[#This Row],[Nível]],'Regras Premiação'!$Z$4:$AC$6,3,0),IF(Coordenadores10[[#This Row],[% Capp]]>=90%,VLOOKUP(Coordenadores10[[#This Row],[Nível]],'Regras Premiação'!$Z$4:$AC$6,2,0),0))))*2,IF(Coordenadores10[[#This Row],[% Capp]]>=115%,VLOOKUP(Coordenadores10[[#This Row],[Nível]],'Regras Premiação'!$Z$4:$AC$6,4,0),IF(Coordenadores10[[#This Row],[% Capp]]>=100%,VLOOKUP(Coordenadores10[[#This Row],[Nível]],'Regras Premiação'!$Z$4:$AC$6,3,0),IF(Coordenadores10[[#This Row],[% Capp]]>=90%,VLOOKUP(Coordenadores10[[#This Row],[Nível]],'Regras Premiação'!$Z$4:$AC$6,2,0),0))))),0) -> 0 | AE11: =AE17 -> 0 | AF11: =IFERROR(IF(Coordenadores10[[#This Row],[Coordenador]]="Raianne",IF($C$2=$AD$5,(IF(Coordenadores10[[#This Row],[% Fam]]>=115%,VLOOKUP(Coordenadores10[[#This Row],[Nível]],'Regras Premiação'!$Z$4:$AC$6,4,0),IF(Coordenadores10[[#This Row],[% Fam]]>=100%,VLOOKUP(Coordenadores10[[#This Row],[Nível]],'Regras Premiação'!$Z$4:$AC$6,3,0),IF(Coordenadores10[[#This Row],[% Fam]]>=90%,VLOOKUP(Coordenadores10[[#This Row],[Nível]],'Regras Premiação'!$Z$4:$AC$6,2,0),0))))*2,IF(Coordenadores10[[#This Row],[% Fam]]>=115%,VLOOKUP(Coordenadores10[[#This Row],[Nível]],'Regras Premiação'!$Z$4:$AC$6,4,0),IF(Coordenadores10[[#This Row],[% Fam]]>=100%,VLOOKUP(Coordenadores10[[#This Row],[Nível]],'Regras Premiação'!$Z$4:$AC$6,3,0),IF(Coordenadores10[[#This Row],[% Fam]]>=90%,VLOOKUP(Coordenadores10[[#This Row],[Nível]],'Regras Premiação'!$Z$4:$AC$6,2,0),0)))),IF($C$1=$AD$5,(IF(Coordenadores10[[#This Row],[% Fam]]>=115%,VLOOKUP(Coordenadores10[[#This Row],[Nível]],'Regras Premiação'!$Z$4:$AC$6,4,0),IF(Coordenadores10[[#This Row],[% Fam]]>=100%,VLOOKUP(Coordenadores10[[#This Row],[Nível]],'Regras Premiação'!$Z$4:$AC$6,3,0),IF(Coordenadores10[[#This Row],[% Fam]]>=90%,VLOOKUP(Coordenadores10[[#This Row],[Nível]],'Regras Premiação'!$Z$4:$AC$6,2,0),0))))*2,IF(Coordenadores10[[#This Row],[% Fam]]>=115%,VLOOKUP(Coordenadores10[[#This Row],[Nível]],'Regras Premiação'!$Z$4:$AC$6,4,0),IF(Coordenadores10[[#This Row],[% Fam]]>=100%,VLOOKUP(Coordenadores10[[#This Row],[Nível]],'Regras Premiação'!$Z$4:$AC$6,3,0),IF(Coordenadores10[[#This Row],[% Fam]]>=90%,VLOOKUP(Coordenadores10[[#This Row],[Nível]],'Regras Premiação'!$Z$4:$AC$6,2,0),0))))),0) -> 0 | AG11: =IFERROR(VLOOKUP(Coordenadores10[[#This Row],[Coordenador]],#REF!,2,0)/VLOOKUP(Coordenadores10[[#This Row],[Coordenador]],#REF!,4,0),0) -> 0 | AI11: =IFERROR(VLOOKUP(Coordenadores10[[#This Row],[Coordenador]],#REF!,2,0)/VLOOKUP(Coordenadores10[[#This Row],[Coordenador]],#REF!,4,0),0) -> 0 | AJ11: =IFERROR(IF(Coordenadores10[[#This Row],[Coordenador]]="Raianne",IF($C$2=$AJ$5,(IF(Coordenadores10[[#This Row],[% Treb]]>=115%,VLOOKUP(Coordenadores10[[#This Row],[Nível]],'Regras Premiação'!$Z$4:$AC$6,4,0),IF(Coordenadores10[[#This Row],[% Treb]]>=100%,VLOOKUP(Coordenadores10[[#This Row],[Nível]],'Regras Premiação'!$Z$4:$AC$6,3,0),IF(Coordenadores10[[#This Row],[% Treb]]>=90%,VLOOKUP(Coordenadores10[[#This Row],[Nível]],'Regras Premiação'!$Z$4:$AC$6,2,0),0))))*2,IF(Coordenadores10[[#This Row],[% Treb]]>=115%,VLOOKUP(Coordenadores10[[#This Row],[Nível]],'Regras Premiação'!$Z$4:$AC$6,4,0),IF(Coordenadores10[[#This Row],[% Treb]]>=100%,VLOOKUP(Coordenadores10[[#This Row],[Nível]],'Regras Premiação'!$Z$4:$AC$6,3,0),IF(Coordenadores10[[#This Row],[% Treb]]>=90%,VLOOKUP(Coordenadores10[[#This Row],[Nível]],'Regras Premiação'!$Z$4:$AC$6,2,0),0)))),IF($C$1=$AJ$5,(IF(Coordenadores10[[#This Row],[% Treb]]>=115%,VLOOKUP(Coordenadores10[[#This Row],[Nível]],'Regras Premiação'!$Z$4:$AC$6,4,0),IF(Coordenadores10[[#This Row],[% Treb]]>=100%,VLOOKUP(Coordenadores10[[#This Row],[Nível]],'Regras Premiação'!$Z$4:$AC$6,3,0),IF(Coordenadores10[[#This Row],[% Treb]]>=90%,VLOOKUP(Coordenadores10[[#This Row],[Nível]],'Regras Premiação'!$Z$4:$AC$6,2,0),0))))*2,IF(Coordenadores10[[#This Row],[% Treb]]>=115%,VLOOKUP(Coordenadores10[[#This Row],[Nível]],'Regras Premiação'!$Z$4:$AC$6,4,0),IF(Coordenadores10[[#This Row],[% Treb]]>=100%,VLOOKUP(Coordenadores10[[#This Row],[Nível]],'Regras Premiação'!$Z$4:$AC$6,3,0),IF(Coordenadores10[[#This Row],[% Treb]]>=90%,VLOOKUP(Coordenadores10[[#This Row],[Nível]],'Regras Premiação'!$Z$4:$AC$6,2,0),0))))),0) -> 0 | AK11: =IF(Coordenadores10[[#This Row],[Sell Out]]=0,0,IF($H$2>=115%,300,IF($H$2>=100%,200,IF($H$2>=90%,100,0)))) -> 200 | AL11: 300 | AM11: =AM17 -> #REF! | AN11: =IF(AND(Coordenadores10[[#This Row],[% Dev]]<=1.5%,Coordenadores10[[#This Row],[% Dev]]<>0),300,0) -> #REF! | AO11: =SUM(Coordenadores10[[#This Row],[R$ Avi]],Coordenadores10[[#This Row],[R$ Capp]],Coordenadores10[[#This Row],[R$ Fam]],Coordenadores10[[#This Row],[R$ S&V]],Coordenadores10[[#This Row],[Master]],Coordenadores10[[#This Row],[Gestor]],Coordenadores10[[#This Row],[R$ Dev]],Coordenadores10[[#This Row],[R$ Treb]]) -> #REF!
A12: ANGELA | B12: =IFERROR(IFERROR(IF(VLOOKUP(Promotores9[[#This Row],[Promotor]],Rotas_Geral[Prom Avine],1,0)=Promotores9[[#This Row],[Promotor]],SUMIFS(Rotas_Geral[Resultado],Rotas_Geral[Prom Avine],Promotores9[[#This Row],[Promotor]])),SUMIFS(Rotas_Geral[Resultado],Rotas_Geral[Prom Frutas],Promotores9[[#This Row],[Promotor]])),0)+IFERROR(IFERROR(IF(VLOOKUP(Promotores9[[#This Row],[Promotor]],Rotas_Geral[Prom Avine],1,0)=Promotores9[[#This Row],[Promotor]],SUMIFS(Rotas_Geral[Result Capp],Rotas_Geral[Prom Avine],Promotores9[[#This Row],[Promotor]])),SUMIFS(Rotas_Geral[Result Capp],Rotas_Geral[Prom Frutas],Promotores9[[#This Row],[Promotor]])),0) -> 0 | C12: =IF(Promotores9[[#This Row],[Sell Out]]>=300000,"A+",IF(Promotores9[[#This Row],[Sell Out]]>=260000,"A",IF(Promotores9[[#This Row],[Sell Out]]>=200000,"B","C"))) -> C | D12: =IFERROR(IFERROR(IF(VLOOKUP(Promotores9[[#This Row],[Promotor]],Rotas_Geral[Prom Avine],1,0)=Promotores9[[#This Row],[Promotor]],SUMIFS(Rotas_Geral[Resultado],Rotas_Geral[Prom Avine],Promotores9[[#This Row],[Promotor]])/SUMIFS(Rotas_Geral[Meta],Rotas_Geral[Prom Avine],Promotores9[[#This Row],[Promotor]])),SUMIFS(Rotas_Geral[Resultado],Rotas_Geral[Prom Frutas],Promotores9[[#This Row],[Promotor]])/SUMIFS(Rotas_Geral[Meta],Rotas_Geral[Prom Frutas],Promotores9[[#This Row],[Promotor]])),0) -> 0 | E12: =IFERROR(IF(OR(VLOOKUP(A12,Rotas[[PROMOTOR]:[REGIONAL]],2,0)="Pará Sul",VLOOKUP(A12,Rotas[[PROMOTOR]:[REGIONAL]],2,0)="Pará Norte"),IF($C$2=$E$5,(IF(Promotores9[[#This Row],[% Avi]]>=115%,VLOOKUP(Promotores9[[#This Row],[Nível]],'Regras Premiação'!$T$4:$W$7,4,0),IF(Promotores9[[#This Row],[% Avi]]>=100%,VLOOKUP(Promotores9[[#This Row],[Nível]],'Regras Premiação'!$T$4:$W$7,3,0),IF(Promotores9[[#This Row],[% Avi]]>=90%,VLOOKUP(Promotores9[[#This Row],[Nível]],'Regras Premiação'!$T$4:$W$7,2,0),0))))*2,IF(Promotores9[[#This Row],[% Avi]]>=115%,VLOOKUP(Promotores9[[#This Row],[Nível]],'Regras Premiação'!$T$4:$W$7,4,0),IF(Promotores9[[#This Row],[% Avi]]>=100%,VLOOKUP(Promotores9[[#This Row],[Nível]],'Regras Premiação'!$T$4:$W$7,3,0),IF(Promotores9[[#This Row],[% Avi]]>=90%,VLOOKUP(Promotores9[[#This Row],[Nível]],'Regras Premiação'!$T$4:$W$7,2,0),0)))),IF($C$1=$E$5,(IF(Promotores9[[#This Row],[% Avi]]>=115%,VLOOKUP(Promotores9[[#This Row],[Nível]],'Regras Premiação'!$T$4:$W$7,4,0),IF(Promotores9[[#This Row],[% Avi]]>=100%,VLOOKUP(Promotores9[[#This Row],[Nível]],'Regras Premiação'!$T$4:$W$7,3,0),IF(Promotores9[[#This Row],[% Avi]]>=90%,VLOOKUP(Promotores9[[#This Row],[Nível]],'Regras Premiação'!$T$4:$W$7,2,0),0))))*2,IF(Promotores9[[#This Row],[% Avi]]>=115%,VLOOKUP(Promotores9[[#This Row],[Nível]],'Regras Premiação'!$T$4:$W$7,4,0),IF(Promotores9[[#This Row],[% Avi]]>=100%,VLOOKUP(Promotores9[[#This Row],[Nível]],'Regras Premiação'!$T$4:$W$7,3,0),IF(Promotores9[[#This Row],[% Avi]]>=90%,VLOOKUP(Promotores9[[#This Row],[Nível]],'Regras Premiação'!$T$4:$W$7,2,0),0))))),0) -> 0 | F12: =IFERROR(IFERROR(IF(VLOOKUP(Promotores9[[#This Row],[Promotor]],Rotas_Geral[Prom Avine],1,0)=Promotores9[[#This Row],[Promotor]],SUMIFS(Rotas_Geral[Result Capp],Rotas_Geral[Prom Avine],Promotores9[[#This Row],[Promotor]])/SUMIFS(Rotas_Geral[Meta Capp],Rotas_Geral[Prom Avine],Promotores9[[#This Row],[Promotor]])),SUMIFS(Rotas_Geral[Result Capp],Rotas_Geral[Prom Frutas],Promotores9[[#This Row],[Promotor]])/SUMIFS(Rotas_Geral[Meta Capp],Rotas_Geral[Prom Frutas],Promotores9[[#This Row],[Promotor]])),0) -> 0 | G12: =IFERROR(IF(OR(VLOOKUP(A12,Rotas[[PROMOTOR]:[REGIONAL]],2,0)="Pará Sul",VLOOKUP(A12,Rotas[[PROMOTOR]:[REGIONAL]],2,0)="Pará Norte"),IF($C$2=$G$5,(IF(Promotores9[[#This Row],[% Capp]]>=115%,VLOOKUP(Promotores9[[#This Row],[Nível]],'Regras Premiação'!$T$4:$W$7,4,0),IF(Promotores9[[#This Row],[% Capp]]>=100%,VLOOKUP(Promotores9[[#This Row],[Nível]],'Regras Premiação'!$T$4:$W$7,3,0),IF(Promotores9[[#This Row],[% Capp]]>=90%,VLOOKUP(Promotores9[[#This Row],[Nível]],'Regras Premiação'!$T$4:$W$7,2,0),0))))*2,IF(Promotores9[[#This Row],[% Capp]]>=115%,VLOOKUP(Promotores9[[#This Row],[Nível]],'Regras Premiação'!$T$4:$W$7,4,0),IF(Promotores9[[#This Row],[% Capp]]>=100%,VLOOKUP(Promotores9[[#This Row],[Nível]],'Regras Premiação'!$T$4:$W$7,3,0),IF(Promotores9[[#This Row],[% Capp]]>=90%,VLOOKUP(Promotores9[[#This Row],[Nível]],'Regras Premiação'!$T$4:$W$7,2,0),0)))),IF($C$1=$G$5,(IF(Promotores9[[#This Row],[% Capp]]>=115%,VLOOKUP(Promotores9[[#This Row],[Nível]],'Regras Premiação'!$T$4:$W$7,4,0),IF(Promotores9[[#This Row],[% Capp]]>=100%,VLOOKUP(Promotores9[[#This Row],[Nível]],'Regras Premiação'!$T$4:$W$7,3,0),IF(Promotores9[[#This Row],[% Capp]]>=90%,VLOOKUP(Promotores9[[#This Row],[Nível]],'Regras Premiação'!$T$4:$W$7,2,0),0))))*2,IF(Promotores9[[#This Row],[% Capp]]>=115%,VLOOKUP(Promotores9[[#This Row],[Nível]],'Regras Premiação'!$T$4:$W$7,4,0),IF(Promotores9[[#This Row],[% Capp]]>=100%,VLOOKUP(Promotores9[[#This Row],[Nível]],'Regras Premiação'!$T$4:$W$7,3,0),IF(Promotores9[[#This Row],[% Capp]]>=90%,VLOOKUP(Promotores9[[#This Row],[Nível]],'Regras Premiação'!$T$4:$W$7,2,0),0))))),0) -> 0 | H12: =IFERROR(IFERROR(VLOOKUP(Promotores9[[#This Row],[Promotor]],#REF!,2,0),0)/IFERROR(VLOOKUP(Promotores9[[#This Row],[Promotor]],#REF!,4,0),0),0) -> 0 | I12: =IFERROR(IF(OR(VLOOKUP(A12,Rotas[[PROMOTOR]:[REGIONAL]],2,0)="Pará Sul",VLOOKUP(A12,Rotas[[PROMOTOR]:[REGIONAL]],2,0)="Pará Norte"),IF($C$2=$I$5,(IF(Promotores9[[#This Row],[% Fam]]>=115%,VLOOKUP(Promotores9[[#This Row],[Nível]],'Regras Premiação'!$T$4:$W$7,4,0),IF(Promotores9[[#This Row],[% Fam]]>=100%,VLOOKUP(Promotores9[[#This Row],[Nível]],'Regras Premiação'!$T$4:$W$7,3,0),IF(Promotores9[[#This Row],[% Fam]]>=90%,VLOOKUP(Promotores9[[#This Row],[Nível]],'Regras Premiação'!$T$4:$W$7,2,0),0))))*2,IF(Promotores9[[#This Row],[% Fam]]>=115%,VLOOKUP(Promotores9[[#This Row],[Nível]],'Regras Premiação'!$T$4:$W$7,4,0),IF(Promotores9[[#This Row],[% Fam]]>=100%,VLOOKUP(Promotores9[[#This Row],[Nível]],'Regras Premiação'!$T$4:$W$7,3,0),IF(Promotores9[[#This Row],[% Fam]]>=90%,VLOOKUP(Promotores9[[#This Row],[Nível]],'Regras Premiação'!$T$4:$W$7,2,0),0)))),IF($C$1=$I$5,(IF(Promotores9[[#This Row],[% Fam]]>=115%,VLOOKUP(Promotores9[[#This Row],[Nível]],'Regras Premiação'!$T$4:$W$7,4,0),IF(Promotores9[[#This Row],[% Fam]]>=100%,VLOOKUP(Promotores9[[#This Row],[Nível]],'Regras Premiação'!$T$4:$W$7,3,0),IF(Promotores9[[#This Row],[% Fam]]>=90%,VLOOKUP(Promotores9[[#This Row],[Nível]],'Regras Premiação'!$T$4:$W$7,2,0),0))))*2,IF(Promotores9[[#This Row],[% Fam]]>=115%,VLOOKUP(Promotores9[[#This Row],[Nível]],'Regras Premiação'!$T$4:$W$7,4,0),IF(Promotores9[[#This Row],[% Fam]]>=100%,VLOOKUP(Promotores9[[#This Row],[Nível]],'Regras Premiação'!$T$4:$W$7,3,0),IF(Promotores9[[#This Row],[% Fam]]>=90%,VLOOKUP(Promotores9[[#This Row],[Nível]],'Regras Premiação'!$T$4:$W$7,2,0),0))))),0) -> 0 | J12: =IFERROR(IFERROR(VLOOKUP(Promotores9[[#This Row],[Promotor]],#REF!,2,0),0)/IFERROR(VLOOKUP(Promotores9[[#This Row],[Promotor]],#REF!,4,0),0),0) -> 0 | K12: =0 -> 0 | L12: =IFERROR(IFERROR(VLOOKUP(Promotores9[[#This Row],[Promotor]],#REF!,2,0),0)/IFERROR(VLOOKUP(Promotores9[[#This Row],[Promotor]],#REF!,4,0),0),0) -> 0 | N12: =IF(Promotores9[[#This Row],[Sell Out]]=0,0,IF($H$2>=115%,225,IF($H$2>=100%,150,IF($H$2>=90%,75,0)))) -> 0 | O12: =IFERROR(SUM(IF(Promotores9[[#This Row],[Estoque]]>=100%,112.5,IF(Promotores9[[#This Row],[Estoque]]>=90%,56.25,0)),IF(Promotores9[[#This Row],[Preço]]>=100%,112.5,IF(Promotores9[[#This Row],[Preço]]>=90%,56.25,0))),0) -> 0 | P12: =IFERROR(IFERROR(VLOOKUP(Promotores9[[#This Row],[Promotor]],#REF!,6,0),0)/IFERROR(VLOOKUP(Promotores9[[#This Row],[Promotor]],#REF!,2,0),0),0) -> 0 | Q12: =IF(AND(P12<=1.5%,Promotores9[[#This Row],[Sell Out]]>0,Promotores9[[#This Row],[% Avi]]<>0),225,0) -> 0 | R12: =SUM(Promotores9[[#This Row],[R$ Avi]],Promotores9[[#This Row],[R$ Capp]],Promotores9[[#This Row],[R$ Fam]],Promotores9[[#This Row],[R$ S&V]],Promotores9[[#This Row],[Master]],Promotores9[[#This Row],[APP]],Promotores9[[#This Row],[R$ Dev]],Promotores9[[#This Row],[R$ Treb]]) -> 0 | S12: MA Sul | T12: =IFERROR(VLOOKUP(Promotores9[[#This Row],[Promotor]],Base_APP[[Meta]:[% Estoque]],8,0),0) -> 0 | U12: =IFERROR(VLOOKUP(Promotores9[[#This Row],[Promotor]],Base_APP[[Meta]:[% Estoque]],5,0),0) -> 0
A13: BEATRIZ | B13: =IFERROR(IFERROR(IF(VLOOKUP(Promotores9[[#This Row],[Promotor]],Rotas_Geral[Prom Avine],1,0)=Promotores9[[#This Row],[Promotor]],SUMIFS(Rotas_Geral[Resultado],Rotas_Geral[Prom Avine],Promotores9[[#This Row],[Promotor]])),SUMIFS(Rotas_Geral[Resultado],Rotas_Geral[Prom Frutas],Promotores9[[#This Row],[Promotor]])),0)+IFERROR(IFERROR(IF(VLOOKUP(Promotores9[[#This Row],[Promotor]],Rotas_Geral[Prom Avine],1,0)=Promotores9[[#This Row],[Promotor]],SUMIFS(Rotas_Geral[Result Capp],Rotas_Geral[Prom Avine],Promotores9[[#This Row],[Promotor]])),SUMIFS(Rotas_Geral[Result Capp],Rotas_Geral[Prom Frutas],Promotores9[[#This Row],[Promotor]])),0) -> 0 | C13: =IF(Promotores9[[#This Row],[Sell Out]]>=300000,"A+",IF(Promotores9[[#This Row],[Sell Out]]>=260000,"A",IF(Promotores9[[#This Row],[Sell Out]]>=200000,"B","C"))) -> C | D13: =IFERROR(IFERROR(IF(VLOOKUP(Promotores9[[#This Row],[Promotor]],Rotas_Geral[Prom Avine],1,0)=Promotores9[[#This Row],[Promotor]],SUMIFS(Rotas_Geral[Resultado],Rotas_Geral[Prom Avine],Promotores9[[#This Row],[Promotor]])/SUMIFS(Rotas_Geral[Meta],Rotas_Geral[Prom Avine],Promotores9[[#This Row],[Promotor]])),SUMIFS(Rotas_Geral[Resultado],Rotas_Geral[Prom Frutas],Promotores9[[#This Row],[Promotor]])/SUMIFS(Rotas_Geral[Meta],Rotas_Geral[Prom Frutas],Promotores9[[#This Row],[Promotor]])),0) -> 0 | E13: =IFERROR(IF(OR(VLOOKUP(A13,Rotas[[PROMOTOR]:[REGIONAL]],2,0)="Pará Sul",VLOOKUP(A13,Rotas[[PROMOTOR]:[REGIONAL]],2,0)="Pará Norte"),IF($C$2=$E$5,(IF(Promotores9[[#This Row],[% Avi]]>=115%,VLOOKUP(Promotores9[[#This Row],[Nível]],'Regras Premiação'!$T$4:$W$7,4,0),IF(Promotores9[[#This Row],[% Avi]]>=100%,VLOOKUP(Promotores9[[#This Row],[Nível]],'Regras Premiação'!$T$4:$W$7,3,0),IF(Promotores9[[#This Row],[% Avi]]>=90%,VLOOKUP(Promotores9[[#This Row],[Nível]],'Regras Premiação'!$T$4:$W$7,2,0),0))))*2,IF(Promotores9[[#This Row],[% Avi]]>=115%,VLOOKUP(Promotores9[[#This Row],[Nível]],'Regras Premiação'!$T$4:$W$7,4,0),IF(Promotores9[[#This Row],[% Avi]]>=100%,VLOOKUP(Promotores9[[#This Row],[Nível]],'Regras Premiação'!$T$4:$W$7,3,0),IF(Promotores9[[#This Row],[% Avi]]>=90%,VLOOKUP(Promotores9[[#This Row],[Nível]],'Regras Premiação'!$T$4:$W$7,2,0),0)))),IF($C$1=$E$5,(IF(Promotores9[[#This Row],[% Avi]]>=115%,VLOOKUP(Promotores9[[#This Row],[Nível]],'Regras Premiação'!$T$4:$W$7,4,0),IF(Promotores9[[#This Row],[% Avi]]>=100%,VLOOKUP(Promotores9[[#This Row],[Nível]],'Regras Premiação'!$T$4:$W$7,3,0),IF(Promotores9[[#This Row],[% Avi]]>=90%,VLOOKUP(Promotores9[[#This Row],[Nível]],'Regras Premiação'!$T$4:$W$7,2,0),0))))*2,IF(Promotores9[[#This Row],[% Avi]]>=115%,VLOOKUP(Promotores9[[#This Row],[Nível]],'Regras Premiação'!$T$4:$W$7,4,0),IF(Promotores9[[#This Row],[% Avi]]>=100%,VLOOKUP(Promotores9[[#This Row],[Nível]],'Regras Premiação'!$T$4:$W$7,3,0),IF(Promotores9[[#This Row],[% Avi]]>=90%,VLOOKUP(Promotores9[[#This Row],[Nível]],'Regras Premiação'!$T$4:$W$7,2,0),0))))),0) -> 0 | F13: =IFERROR(IFERROR(IF(VLOOKUP(Promotores9[[#This Row],[Promotor]],Rotas_Geral[Prom Avine],1,0)=Promotores9[[#This Row],[Promotor]],SUMIFS(Rotas_Geral[Result Capp],Rotas_Geral[Prom Avine],Promotores9[[#This Row],[Promotor]])/SUMIFS(Rotas_Geral[Meta Capp],Rotas_Geral[Prom Avine],Promotores9[[#This Row],[Promotor]])),SUMIFS(Rotas_Geral[Result Capp],Rotas_Geral[Prom Frutas],Promotores9[[#This Row],[Promotor]])/SUMIFS(Rotas_Geral[Meta Capp],Rotas_Geral[Prom Frutas],Promotores9[[#This Row],[Promotor]])),0) -> 0 | G13: =IFERROR(IF(OR(VLOOKUP(A13,Rotas[[PROMOTOR]:[REGIONAL]],2,0)="Pará Sul",VLOOKUP(A13,Rotas[[PROMOTOR]:[REGIONAL]],2,0)="Pará Norte"),IF($C$2=$G$5,(IF(Promotores9[[#This Row],[% Capp]]>=115%,VLOOKUP(Promotores9[[#This Row],[Nível]],'Regras Premiação'!$T$4:$W$7,4,0),IF(Promotores9[[#This Row],[% Capp]]>=100%,VLOOKUP(Promotores9[[#This Row],[Nível]],'Regras Premiação'!$T$4:$W$7,3,0),IF(Promotores9[[#This Row],[% Capp]]>=90%,VLOOKUP(Promotores9[[#This Row],[Nível]],'Regras Premiação'!$T$4:$W$7,2,0),0))))*2,IF(Promotores9[[#This Row],[% Capp]]>=115%,VLOOKUP(Promotores9[[#This Row],[Nível]],'Regras Premiação'!$T$4:$W$7,4,0),IF(Promotores9[[#This Row],[% Capp]]>=100%,VLOOKUP(Promotores9[[#This Row],[Nível]],'Regras Premiação'!$T$4:$W$7,3,0),IF(Promotores9[[#This Row],[% Capp]]>=90%,VLOOKUP(Promotores9[[#This Row],[Nível]],'Regras Premiação'!$T$4:$W$7,2,0),0)))),IF($C$1=$G$5,(IF(Promotores9[[#This Row],[% Capp]]>=115%,VLOOKUP(Promotores9[[#This Row],[Nível]],'Regras Premiação'!$T$4:$W$7,4,0),IF(Promotores9[[#This Row],[% Capp]]>=100%,VLOOKUP(Promotores9[[#This Row],[Nível]],'Regras Premiação'!$T$4:$W$7,3,0),IF(Promotores9[[#This Row],[% Capp]]>=90%,VLOOKUP(Promotores9[[#This Row],[Nível]],'Regras Premiação'!$T$4:$W$7,2,0),0))))*2,IF(Promotores9[[#This Row],[% Capp]]>=115%,VLOOKUP(Promotores9[[#This Row],[Nível]],'Regras Premiação'!$T$4:$W$7,4,0),IF(Promotores9[[#This Row],[% Capp]]>=100%,VLOOKUP(Promotores9[[#This Row],[Nível]],'Regras Premiação'!$T$4:$W$7,3,0),IF(Promotores9[[#This Row],[% Capp]]>=90%,VLOOKUP(Promotores9[[#This Row],[Nível]],'Regras Premiação'!$T$4:$W$7,2,0),0))))),0) -> 0 | H13: =IFERROR(IFERROR(VLOOKUP(Promotores9[[#This Row],[Promotor]],#REF!,2,0),0)/IFERROR(VLOOKUP(Promotores9[[#This Row],[Promotor]],#REF!,4,0),0),0) -> 0 | I13: =IFERROR(IF(OR(VLOOKUP(A13,Rotas[[PROMOTOR]:[REGIONAL]],2,0)="Pará Sul",VLOOKUP(A13,Rotas[[PROMOTOR]:[REGIONAL]],2,0)="Pará Norte"),IF($C$2=$I$5,(IF(Promotores9[[#This Row],[% Fam]]>=115%,VLOOKUP(Promotores9[[#This Row],[Nível]],'Regras Premiação'!$T$4:$W$7,4,0),IF(Promotores9[[#This Row],[% Fam]]>=100%,VLOOKUP(Promotores9[[#This Row],[Nível]],'Regras Premiação'!$T$4:$W$7,3,0),IF(Promotores9[[#This Row],[% Fam]]>=90%,VLOOKUP(Promotores9[[#This Row],[Nível]],'Regras Premiação'!$T$4:$W$7,2,0),0))))*2,IF(Promotores9[[#This Row],[% Fam]]>=115%,VLOOKUP(Promotores9[[#This Row],[Nível]],'Regras Premiação'!$T$4:$W$7,4,0),IF(Promotores9[[#This Row],[% Fam]]>=100%,VLOOKUP(Promotores9[[#This Row],[Nível]],'Regras Premiação'!$T$4:$W$7,3,0),IF(Promotores9[[#This Row],[% Fam]]>=90%,VLOOKUP(Promotores9[[#This Row],[Nível]],'Regras Premiação'!$T$4:$W$7,2,0),0)))),IF($C$1=$I$5,(IF(Promotores9[[#This Row],[% Fam]]>=115%,VLOOKUP(Promotores9[[#This Row],[Nível]],'Regras Premiação'!$T$4:$W$7,4,0),IF(Promotores9[[#This Row],[% Fam]]>=100%,VLOOKUP(Promotores9[[#This Row],[Nível]],'Regras Premiação'!$T$4:$W$7,3,0),IF(Promotores9[[#This Row],[% Fam]]>=90%,VLOOKUP(Promotores9[[#This Row],[Nível]],'Regras Premiação'!$T$4:$W$7,2,0),0))))*2,IF(Promotores9[[#This Row],[% Fam]]>=115%,VLOOKUP(Promotores9[[#This Row],[Nível]],'Regras Premiação'!$T$4:$W$7,4,0),IF(Promotores9[[#This Row],[% Fam]]>=100%,VLOOKUP(Promotores9[[#This Row],[Nível]],'Regras Premiação'!$T$4:$W$7,3,0),IF(Promotores9[[#This Row],[% Fam]]>=90%,VLOOKUP(Promotores9[[#This Row],[Nível]],'Regras Premiação'!$T$4:$W$7,2,0),0))))),0) -> 0 | J13: =IFERROR(IFERROR(VLOOKUP(Promotores9[[#This Row],[Promotor]],#REF!,2,0),0)/IFERROR(VLOOKUP(Promotores9[[#This Row],[Promotor]],#REF!,4,0),0),0) -> 0 | K13: =0 -> 0 | L13: =IFERROR(IFERROR(VLOOKUP(Promotores9[[#This Row],[Promotor]],#REF!,2,0),0)/IFERROR(VLOOKUP(Promotores9[[#This Row],[Promotor]],#REF!,4,0),0),0) -> 0 | N13: =IF(Promotores9[[#This Row],[Sell Out]]=0,0,IF($H$2>=115%,225,IF($H$2>=100%,150,IF($H$2>=90%,75,0)))) -> 0 | O13: =IFERROR(SUM(IF(Promotores9[[#This Row],[Estoque]]>=100%,112.5,IF(Promotores9[[#This Row],[Estoque]]>=90%,56.25,0)),IF(Promotores9[[#This Row],[Preço]]>=100%,112.5,IF(Promotores9[[#This Row],[Preço]]>=90%,56.25,0))),0) -> 0 | P13: =IFERROR(IFERROR(VLOOKUP(Promotores9[[#This Row],[Promotor]],#REF!,6,0),0)/IFERROR(VLOOKUP(Promotores9[[#This Row],[Promotor]],#REF!,2,0),0),0) -> 0 | Q13: =IF(AND(P13<=1.5%,Promotores9[[#This Row],[Sell Out]]>0,Promotores9[[#This Row],[% Avi]]<>0),225,0) -> 0 | R13: =SUM(Promotores9[[#This Row],[R$ Avi]],Promotores9[[#This Row],[R$ Capp]],Promotores9[[#This Row],[R$ Fam]],Promotores9[[#This Row],[R$ S&V]],Promotores9[[#This Row],[Master]],Promotores9[[#This Row],[APP]],Promotores9[[#This Row],[R$ Dev]],Promotores9[[#This Row],[R$ Treb]]) -> 0 | S13: MA Norte | T13: =IFERROR(VLOOKUP(Promotores9[[#This Row],[Promotor]],Base_APP[[Meta]:[% Estoque]],8,0),0) -> 0 | U13: =IFERROR(VLOOKUP(Promotores9[[#This Row],[Promotor]],Base_APP[[Meta]:[% Estoque]],5,0),0) -> 0
A14: CLEANE BRANDAO | B14: =IFERROR(IFERROR(IF(VLOOKUP(Promotores9[[#This Row],[Promotor]],Rotas_Geral[Prom Avine],1,0)=Promotores9[[#This Row],[Promotor]],SUMIFS(Rotas_Geral[Resultado],Rotas_Geral[Prom Avine],Promotores9[[#This Row],[Promotor]])),SUMIFS(Rotas_Geral[Resultado],Rotas_Geral[Prom Frutas],Promotores9[[#This Row],[Promotor]])),0)+IFERROR(IFERROR(IF(VLOOKUP(Promotores9[[#This Row],[Promotor]],Rotas_Geral[Prom Avine],1,0)=Promotores9[[#This Row],[Promotor]],SUMIFS(Rotas_Geral[Result Capp],Rotas_Geral[Prom Avine],Promotores9[[#This Row],[Promotor]])),SUMIFS(Rotas_Geral[Result Capp],Rotas_Geral[Prom Frutas],Promotores9[[#This Row],[Promotor]])),0) -> 0 | C14: =IF(Promotores9[[#This Row],[Sell Out]]>=300000,"A+",IF(Promotores9[[#This Row],[Sell Out]]>=260000,"A",IF(Promotores9[[#This Row],[Sell Out]]>=200000,"B","C"))) -> C | D14: =IFERROR(IFERROR(IF(VLOOKUP(Promotores9[[#This Row],[Promotor]],Rotas_Geral[Prom Avine],1,0)=Promotores9[[#This Row],[Promotor]],SUMIFS(Rotas_Geral[Resultado],Rotas_Geral[Prom Avine],Promotores9[[#This Row],[Promotor]])/SUMIFS(Rotas_Geral[Meta],Rotas_Geral[Prom Avine],Promotores9[[#This Row],[Promotor]])),SUMIFS(Rotas_Geral[Resultado],Rotas_Geral[Prom Frutas],Promotores9[[#This Row],[Promotor]])/SUMIFS(Rotas_Geral[Meta],Rotas_Geral[Prom Frutas],Promotores9[[#This Row],[Promotor]])),0) -> 0 | E14: =IFERROR(IF(OR(VLOOKUP(A14,Rotas[[PROMOTOR]:[REGIONAL]],2,0)="Pará Sul",VLOOKUP(A14,Rotas[[PROMOTOR]:[REGIONAL]],2,0)="Pará Norte"),IF($C$2=$E$5,(IF(Promotores9[[#This Row],[% Avi]]>=115%,VLOOKUP(Promotores9[[#This Row],[Nível]],'Regras Premiação'!$T$4:$W$7,4,0),IF(Promotores9[[#This Row],[% Avi]]>=100%,VLOOKUP(Promotores9[[#This Row],[Nível]],'Regras Premiação'!$T$4:$W$7,3,0),IF(Promotores9[[#This Row],[% Avi]]>=90%,VLOOKUP(Promotores9[[#This Row],[Nível]],'Regras Premiação'!$T$4:$W$7,2,0),0))))*2,IF(Promotores9[[#This Row],[% Avi]]>=115%,VLOOKUP(Promotores9[[#This Row],[Nível]],'Regras Premiação'!$T$4:$W$7,4,0),IF(Promotores9[[#This Row],[% Avi]]>=100%,VLOOKUP(Promotores9[[#This Row],[Nível]],'Regras Premiação'!$T$4:$W$7,3,0),IF(Promotores9[[#This Row],[% Avi]]>=90%,VLOOKUP(Promotores9[[#This Row],[Nível]],'Regras Premiação'!$T$4:$W$7,2,0),0)))),IF($C$1=$E$5,(IF(Promotores9[[#This Row],[% Avi]]>=115%,VLOOKUP(Promotores9[[#This Row],[Nível]],'Regras Premiação'!$T$4:$W$7,4,0),IF(Promotores9[[#This Row],[% Avi]]>=100%,VLOOKUP(Promotores9[[#This Row],[Nível]],'Regras Premiação'!$T$4:$W$7,3,0),IF(Promotores9[[#This Row],[% Avi]]>=90%,VLOOKUP(Promotores9[[#This Row],[Nível]],'Regras Premiação'!$T$4:$W$7,2,0),0))))*2,IF(Promotores9[[#This Row],[% Avi]]>=115%,VLOOKUP(Promotores9[[#This Row],[Nível]],'Regras Premiação'!$T$4:$W$7,4,0),IF(Promotores9[[#This Row],[% Avi]]>=100%,VLOOKUP(Promotores9[[#This Row],[Nível]],'Regras Premiação'!$T$4:$W$7,3,0),IF(Promotores9[[#This Row],[% Avi]]>=90%,VLOOKUP(Promotores9[[#This Row],[Nível]],'Regras Premiação'!$T$4:$W$7,2,0),0))))),0) -> 0 | F14: =IFERROR(IFERROR(IF(VLOOKUP(Promotores9[[#This Row],[Promotor]],Rotas_Geral[Prom Avine],1,0)=Promotores9[[#This Row],[Promotor]],SUMIFS(Rotas_Geral[Result Capp],Rotas_Geral[Prom Avine],Promotores9[[#This Row],[Promotor]])/SUMIFS(Rotas_Geral[Meta Capp],Rotas_Geral[Prom Avine],Promotores9[[#This Row],[Promotor]])),SUMIFS(Rotas_Geral[Result Capp],Rotas_Geral[Prom Frutas],Promotores9[[#This Row],[Promotor]])/SUMIFS(Rotas_Geral[Meta Capp],Rotas_Geral[Prom Frutas],Promotores9[[#This Row],[Promotor]])),0) -> 0 | G14: =IFERROR(IF(OR(VLOOKUP(A14,Rotas[[PROMOTOR]:[REGIONAL]],2,0)="Pará Sul",VLOOKUP(A14,Rotas[[PROMOTOR]:[REGIONAL]],2,0)="Pará Norte"),IF($C$2=$G$5,(IF(Promotores9[[#This Row],[% Capp]]>=115%,VLOOKUP(Promotores9[[#This Row],[Nível]],'Regras Premiação'!$T$4:$W$7,4,0),IF(Promotores9[[#This Row],[% Capp]]>=100%,VLOOKUP(Promotores9[[#This Row],[Nível]],'Regras Premiação'!$T$4:$W$7,3,0),IF(Promotores9[[#This Row],[% Capp]]>=90%,VLOOKUP(Promotores9[[#This Row],[Nível]],'Regras Premiação'!$T$4:$W$7,2,0),0))))*2,IF(Promotores9[[#This Row],[% Capp]]>=115%,VLOOKUP(Promotores9[[#This Row],[Nível]],'Regras Premiação'!$T$4:$W$7,4,0),IF(Promotores9[[#This Row],[% Capp]]>=100%,VLOOKUP(Promotores9[[#This Row],[Nível]],'Regras Premiação'!$T$4:$W$7,3,0),IF(Promotores9[[#This Row],[% Capp]]>=90%,VLOOKUP(Promotores9[[#This Row],[Nível]],'Regras Premiação'!$T$4:$W$7,2,0),0)))),IF($C$1=$G$5,(IF(Promotores9[[#This Row],[% Capp]]>=115%,VLOOKUP(Promotores9[[#This Row],[Nível]],'Regras Premiação'!$T$4:$W$7,4,0),IF(Promotores9[[#This Row],[% Capp]]>=100%,VLOOKUP(Promotores9[[#This Row],[Nível]],'Regras Premiação'!$T$4:$W$7,3,0),IF(Promotores9[[#This Row],[% Capp]]>=90%,VLOOKUP(Promotores9[[#This Row],[Nível]],'Regras Premiação'!$T$4:$W$7,2,0),0))))*2,IF(Promotores9[[#This Row],[% Capp]]>=115%,VLOOKUP(Promotores9[[#This Row],[Nível]],'Regras Premiação'!$T$4:$W$7,4,0),IF(Promotores9[[#This Row],[% Capp]]>=100%,VLOOKUP(Promotores9[[#This Row],[Nível]],'Regras Premiação'!$T$4:$W$7,3,0),IF(Promotores9[[#This Row],[% Capp]]>=90%,VLOOKUP(Promotores9[[#This Row],[Nível]],'Regras Premiação'!$T$4:$W$7,2,0),0))))),0) -> 0 | H14: =IFERROR(IFERROR(VLOOKUP(Promotores9[[#This Row],[Promotor]],#REF!,2,0),0)/IFERROR(VLOOKUP(Promotores9[[#This Row],[Promotor]],#REF!,4,0),0),0) -> 0 | I14: =IFERROR(IF(OR(VLOOKUP(A14,Rotas[[PROMOTOR]:[REGIONAL]],2,0)="Pará Sul",VLOOKUP(A14,Rotas[[PROMOTOR]:[REGIONAL]],2,0)="Pará Norte"),IF($C$2=$I$5,(IF(Promotores9[[#This Row],[% Fam]]>=115%,VLOOKUP(Promotores9[[#This Row],[Nível]],'Regras Premiação'!$T$4:$W$7,4,0),IF(Promotores9[[#This Row],[% Fam]]>=100%,VLOOKUP(Promotores9[[#This Row],[Nível]],'Regras Premiação'!$T$4:$W$7,3,0),IF(Promotores9[[#This Row],[% Fam]]>=90%,VLOOKUP(Promotores9[[#This Row],[Nível]],'Regras Premiação'!$T$4:$W$7,2,0),0))))*2,IF(Promotores9[[#This Row],[% Fam]]>=115%,VLOOKUP(Promotores9[[#This Row],[Nível]],'Regras Premiação'!$T$4:$W$7,4,0),IF(Promotores9[[#This Row],[% Fam]]>=100%,VLOOKUP(Promotores9[[#This Row],[Nível]],'Regras Premiação'!$T$4:$W$7,3,0),IF(Promotores9[[#This Row],[% Fam]]>=90%,VLOOKUP(Promotores9[[#This Row],[Nível]],'Regras Premiação'!$T$4:$W$7,2,0),0)))),IF($C$1=$I$5,(IF(Promotores9[[#This Row],[% Fam]]>=115%,VLOOKUP(Promotores9[[#This Row],[Nível]],'Regras Premiação'!$T$4:$W$7,4,0),IF(Promotores9[[#This Row],[% Fam]]>=100%,VLOOKUP(Promotores9[[#This Row],[Nível]],'Regras Premiação'!$T$4:$W$7,3,0),IF(Promotores9[[#This Row],[% Fam]]>=90%,VLOOKUP(Promotores9[[#This Row],[Nível]],'Regras Premiação'!$T$4:$W$7,2,0),0))))*2,IF(Promotores9[[#This Row],[% Fam]]>=115%,VLOOKUP(Promotores9[[#This Row],[Nível]],'Regras Premiação'!$T$4:$W$7,4,0),IF(Promotores9[[#This Row],[% Fam]]>=100%,VLOOKUP(Promotores9[[#This Row],[Nível]],'Regras Premiação'!$T$4:$W$7,3,0),IF(Promotores9[[#This Row],[% Fam]]>=90%,VLOOKUP(Promotores9[[#This Row],[Nível]],'Regras Premiação'!$T$4:$W$7,2,0),0))))),0) -> 0 | J14: =IFERROR(IFERROR(VLOOKUP(Promotores9[[#This Row],[Promotor]],#REF!,2,0),0)/IFERROR(VLOOKUP(Promotores9[[#This Row],[Promotor]],#REF!,4,0),0),0) -> 0 | K14: =0 -> 0 | L14: =IFERROR(IFERROR(VLOOKUP(Promotores9[[#This Row],[Promotor]],#REF!,2,0),0)/IFERROR(VLOOKUP(Promotores9[[#This Row],[Promotor]],#REF!,4,0),0),0) -> 0 | N14: =IF(Promotores9[[#This Row],[Sell Out]]=0,0,IF($H$2>=115%,225,IF($H$2>=100%,150,IF($H$2>=90%,75,0)))) -> 0 | O14: =IFERROR(SUM(IF(Promotores9[[#This Row],[Estoque]]>=100%,112.5,IF(Promotores9[[#This Row],[Estoque]]>=90%,56.25,0)),IF(Promotores9[[#This Row],[Preço]]>=100%,112.5,IF(Promotores9[[#This Row],[Preço]]>=90%,56.25,0))),0) -> 0 | P14: =IFERROR(IFERROR(VLOOKUP(Promotores9[[#This Row],[Promotor]],#REF!,6,0),0)/IFERROR(VLOOKUP(Promotores9[[#This Row],[Promotor]],#REF!,2,0),0),0) -> 0 | Q14: =IF(AND(P14<=1.5%,Promotores9[[#This Row],[Sell Out]]>0,Promotores9[[#This Row],[% Avi]]<>0),225,0) -> 0 | R14: =SUM(Promotores9[[#This Row],[R$ Avi]],Promotores9[[#This Row],[R$ Capp]],Promotores9[[#This Row],[R$ Fam]],Promotores9[[#This Row],[R$ S&V]],Promotores9[[#This Row],[Master]],Promotores9[[#This Row],[APP]],Promotores9[[#This Row],[R$ Dev]],Promotores9[[#This Row],[R$ Treb]]) -> 0 | S14: São Luís | T14: =IFERROR(VLOOKUP(Promotores9[[#This Row],[Promotor]],Base_APP[[Meta]:[% Estoque]],8,0),0) -> 0 | U14: =IFERROR(VLOOKUP(Promotores9[[#This Row],[Promotor]],Base_APP[[Meta]:[% Estoque]],5,0),0) -> 0 | AF14: Famosa
A15: Cleisse | B15: =IFERROR(IFERROR(IF(VLOOKUP(Promotores9[[#This Row],[Promotor]],Rotas_Geral[Prom Avine],1,0)=Promotores9[[#This Row],[Promotor]],SUMIFS(Rotas_Geral[Resultado],Rotas_Geral[Prom Avine],Promotores9[[#This Row],[Promotor]])),SUMIFS(Rotas_Geral[Resultado],Rotas_Geral[Prom Frutas],Promotores9[[#This Row],[Promotor]])),0)+IFERROR(IFERROR(IF(VLOOKUP(Promotores9[[#This Row],[Promotor]],Rotas_Geral[Prom Avine],1,0)=Promotores9[[#This Row],[Promotor]],SUMIFS(Rotas_Geral[Result Capp],Rotas_Geral[Prom Avine],Promotores9[[#This Row],[Promotor]])),SUMIFS(Rotas_Geral[Result Capp],Rotas_Geral[Prom Frutas],Promotores9[[#This Row],[Promotor]])),0) -> 0 | C15: =IF(Promotores9[[#This Row],[Sell Out]]>=300000,"A+",IF(Promotores9[[#This Row],[Sell Out]]>=260000,"A",IF(Promotores9[[#This Row],[Sell Out]]>=200000,"B","C"))) -> C | D15: =IFERROR(IFERROR(IF(VLOOKUP(Promotores9[[#This Row],[Promotor]],Rotas_Geral[Prom Avine],1,0)=Promotores9[[#This Row],[Promotor]],SUMIFS(Rotas_Geral[Resultado],Rotas_Geral[Prom Avine],Promotores9[[#This Row],[Promotor]])/SUMIFS(Rotas_Geral[Meta],Rotas_Geral[Prom Avine],Promotores9[[#This Row],[Promotor]])),SUMIFS(Rotas_Geral[Resultado],Rotas_Geral[Prom Frutas],Promotores9[[#This Row],[Promotor]])/SUMIFS(Rotas_Geral[Meta],Rotas_Geral[Prom Frutas],Promotores9[[#This Row],[Promotor]])),0) -> 0 | E15: =IFERROR(IF(OR(VLOOKUP(A15,Rotas[[PROMOTOR]:[REGIONAL]],2,0)="Pará Sul",VLOOKUP(A15,Rotas[[PROMOTOR]:[REGIONAL]],2,0)="Pará Norte"),IF($C$2=$E$5,(IF(Promotores9[[#This Row],[% Avi]]>=115%,VLOOKUP(Promotores9[[#This Row],[Nível]],'Regras Premiação'!$T$4:$W$7,4,0),IF(Promotores9[[#This Row],[% Avi]]>=100%,VLOOKUP(Promotores9[[#This Row],[Nível]],'Regras Premiação'!$T$4:$W$7,3,0),IF(Promotores9[[#This Row],[% Avi]]>=90%,VLOOKUP(Promotores9[[#This Row],[Nível]],'Regras Premiação'!$T$4:$W$7,2,0),0))))*2,IF(Promotores9[[#This Row],[% Avi]]>=115%,VLOOKUP(Promotores9[[#This Row],[Nível]],'Regras Premiação'!$T$4:$W$7,4,0),IF(Promotores9[[#This Row],[% Avi]]>=100%,VLOOKUP(Promotores9[[#This Row],[Nível]],'Regras Premiação'!$T$4:$W$7,3,0),IF(Promotores9[[#This Row],[% Avi]]>=90%,VLOOKUP(Promotores9[[#This Row],[Nível]],'Regras Premiação'!$T$4:$W$7,2,0),0)))),IF($C$1=$E$5,(IF(Promotores9[[#This Row],[% Avi]]>=115%,VLOOKUP(Promotores9[[#This Row],[Nível]],'Regras Premiação'!$T$4:$W$7,4,0),IF(Promotores9[[#This Row],[% Avi]]>=100%,VLOOKUP(Promotores9[[#This Row],[Nível]],'Regras Premiação'!$T$4:$W$7,3,0),IF(Promotores9[[#This Row],[% Avi]]>=90%,VLOOKUP(Promotores9[[#This Row],[Nível]],'Regras Premiação'!$T$4:$W$7,2,0),0))))*2,IF(Promotores9[[#This Row],[% Avi]]>=115%,VLOOKUP(Promotores9[[#This Row],[Nível]],'Regras Premiação'!$T$4:$W$7,4,0),IF(Promotores9[[#This Row],[% Avi]]>=100%,VLOOKUP(Promotores9[[#This Row],[Nível]],'Regras Premiação'!$T$4:$W$7,3,0),IF(Promotores9[[#This Row],[% Avi]]>=90%,VLOOKUP(Promotores9[[#This Row],[Nível]],'Regras Premiação'!$T$4:$W$7,2,0),0))))),0) -> 0 | F15: =IFERROR(IFERROR(IF(VLOOKUP(Promotores9[[#This Row],[Promotor]],Rotas_Geral[Prom Avine],1,0)=Promotores9[[#This Row],[Promotor]],SUMIFS(Rotas_Geral[Result Capp],Rotas_Geral[Prom Avine],Promotores9[[#This Row],[Promotor]])/SUMIFS(Rotas_Geral[Meta Capp],Rotas_Geral[Prom Avine],Promotores9[[#This Row],[Promotor]])),SUMIFS(Rotas_Geral[Result Capp],Rotas_Geral[Prom Frutas],Promotores9[[#This Row],[Promotor]])/SUMIFS(Rotas_Geral[Meta Capp],Rotas_Geral[Prom Frutas],Promotores9[[#This Row],[Promotor]])),0) -> 0 | G15: =IFERROR(IF(OR(VLOOKUP(A15,Rotas[[PROMOTOR]:[REGIONAL]],2,0)="Pará Sul",VLOOKUP(A15,Rotas[[PROMOTOR]:[REGIONAL]],2,0)="Pará Norte"),IF($C$2=$G$5,(IF(Promotores9[[#This Row],[% Capp]]>=115%,VLOOKUP(Promotores9[[#This Row],[Nível]],'Regras Premiação'!$T$4:$W$7,4,0),IF(Promotores9[[#This Row],[% Capp]]>=100%,VLOOKUP(Promotores9[[#This Row],[Nível]],'Regras Premiação'!$T$4:$W$7,3,0),IF(Promotores9[[#This Row],[% Capp]]>=90%,VLOOKUP(Promotores9[[#This Row],[Nível]],'Regras Premiação'!$T$4:$W$7,2,0),0))))*2,IF(Promotores9[[#This Row],[% Capp]]>=115%,VLOOKUP(Promotores9[[#This Row],[Nível]],'Regras Premiação'!$T$4:$W$7,4,0),IF(Promotores9[[#This Row],[% Capp]]>=100%,VLOOKUP(Promotores9[[#This Row],[Nível]],'Regras Premiação'!$T$4:$W$7,3,0),IF(Promotores9[[#This Row],[% Capp]]>=90%,VLOOKUP(Promotores9[[#This Row],[Nível]],'Regras Premiação'!$T$4:$W$7,2,0),0)))),IF($C$1=$G$5,(IF(Promotores9[[#This Row],[% Capp]]>=115%,VLOOKUP(Promotores9[[#This Row],[Nível]],'Regras Premiação'!$T$4:$W$7,4,0),IF(Promotores9[[#This Row],[% Capp]]>=100%,VLOOKUP(Promotores9[[#This Row],[Nível]],'Regras Premiação'!$T$4:$W$7,3,0),IF(Promotores9[[#This Row],[% Capp]]>=90%,VLOOKUP(Promotores9[[#This Row],[Nível]],'Regras Premiação'!$T$4:$W$7,2,0),0))))*2,IF(Promotores9[[#This Row],[% Capp]]>=115%,VLOOKUP(Promotores9[[#This Row],[Nível]],'Regras Premiação'!$T$4:$W$7,4,0),IF(Promotores9[[#This Row],[% Capp]]>=100%,VLOOKUP(Promotores9[[#This Row],[Nível]],'Regras Premiação'!$T$4:$W$7,3,0),IF(Promotores9[[#This Row],[% Capp]]>=90%,VLOOKUP(Promotores9[[#This Row],[Nível]],'Regras Premiação'!$T$4:$W$7,2,0),0))))),0) -> 0 | H15: =IFERROR(IFERROR(VLOOKUP(Promotores9[[#This Row],[Promotor]],#REF!,2,0),0)/IFERROR(VLOOKUP(Promotores9[[#This Row],[Promotor]],#REF!,4,0),0),0) -> 0 | I15: =IFERROR(IF(OR(VLOOKUP(A15,Rotas[[PROMOTOR]:[REGIONAL]],2,0)="Pará Sul",VLOOKUP(A15,Rotas[[PROMOTOR]:[REGIONAL]],2,0)="Pará Norte"),IF($C$2=$I$5,(IF(Promotores9[[#This Row],[% Fam]]>=115%,VLOOKUP(Promotores9[[#This Row],[Nível]],'Regras Premiação'!$T$4:$W$7,4,0),IF(Promotores9[[#This Row],[% Fam]]>=100%,VLOOKUP(Promotores9[[#This Row],[Nível]],'Regras Premiação'!$T$4:$W$7,3,0),IF(Promotores9[[#This Row],[% Fam]]>=90%,VLOOKUP(Promotores9[[#This Row],[Nível]],'Regras Premiação'!$T$4:$W$7,2,0),0))))*2,IF(Promotores9[[#This Row],[% Fam]]>=115%,VLOOKUP(Promotores9[[#This Row],[Nível]],'Regras Premiação'!$T$4:$W$7,4,0),IF(Promotores9[[#This Row],[% Fam]]>=100%,VLOOKUP(Promotores9[[#This Row],[Nível]],'Regras Premiação'!$T$4:$W$7,3,0),IF(Promotores9[[#This Row],[% Fam]]>=90%,VLOOKUP(Promotores9[[#This Row],[Nível]],'Regras Premiação'!$T$4:$W$7,2,0),0)))),IF($C$1=$I$5,(IF(Promotores9[[#This Row],[% Fam]]>=115%,VLOOKUP(Promotores9[[#This Row],[Nível]],'Regras Premiação'!$T$4:$W$7,4,0),IF(Promotores9[[#This Row],[% Fam]]>=100%,VLOOKUP(Promotores9[[#This Row],[Nível]],'Regras Premiação'!$T$4:$W$7,3,0),IF(Promotores9[[#This Row],[% Fam]]>=90%,VLOOKUP(Promotores9[[#This Row],[Nível]],'Regras Premiação'!$T$4:$W$7,2,0),0))))*2,IF(Promotores9[[#This Row],[% Fam]]>=115%,VLOOKUP(Promotores9[[#This Row],[Nível]],'Regras Premiação'!$T$4:$W$7,4,0),IF(Promotores9[[#This Row],[% Fam]]>=100%,VLOOKUP(Promotores9[[#This Row],[Nível]],'Regras Premiação'!$T$4:$W$7,3,0),IF(Promotores9[[#This Row],[% Fam]]>=90%,VLOOKUP(Promotores9[[#This Row],[Nível]],'Regras Premiação'!$T$4:$W$7,2,0),0))))),0) -> 0 | J15: =IFERROR(IFERROR(VLOOKUP(Promotores9[[#This Row],[Promotor]],#REF!,2,0),0)/IFERROR(VLOOKUP(Promotores9[[#This Row],[Promotor]],#REF!,4,0),0),0) -> 0 | K15: =0 -> 0 | L15: =IFERROR(IFERROR(VLOOKUP(Promotores9[[#This Row],[Promotor]],#REF!,2,0),0)/IFERROR(VLOOKUP(Promotores9[[#This Row],[Promotor]],#REF!,4,0),0),0) -> 0 | N15: =IF(Promotores9[[#This Row],[Sell Out]]=0,0,IF($H$2>=115%,225,IF($H$2>=100%,150,IF($H$2>=90%,75,0)))) -> 0 | O15: =IFERROR(SUM(IF(Promotores9[[#This Row],[Estoque]]>=100%,112.5,IF(Promotores9[[#This Row],[Estoque]]>=90%,56.25,0)),IF(Promotores9[[#This Row],[Preço]]>=100%,112.5,IF(Promotores9[[#This Row],[Preço]]>=90%,56.25,0))),0) -> 0 | P15: =IFERROR(IFERROR(VLOOKUP(Promotores9[[#This Row],[Promotor]],#REF!,6,0),0)/IFERROR(VLOOKUP(Promotores9[[#This Row],[Promotor]],#REF!,2,0),0),0) -> 0 | Q15: =IF(AND(P15<=1.5%,Promotores9[[#This Row],[Sell Out]]>0,Promotores9[[#This Row],[% Avi]]<>0),225,0) -> 0 | R15: =SUM(Promotores9[[#This Row],[R$ Avi]],Promotores9[[#This Row],[R$ Capp]],Promotores9[[#This Row],[R$ Fam]],Promotores9[[#This Row],[R$ S&V]],Promotores9[[#This Row],[Master]],Promotores9[[#This Row],[APP]],Promotores9[[#This Row],[R$ Dev]],Promotores9[[#This Row],[R$ Treb]]) -> 0 | S15: São Luís | T15: =IFERROR(VLOOKUP(Promotores9[[#This Row],[Promotor]],Base_APP[[Meta]:[% Estoque]],8,0),0) -> 0 | U15: =IFERROR(VLOOKUP(Promotores9[[#This Row],[Promotor]],Base_APP[[Meta]:[% Estoque]],5,0),0) -> 0 | X15: Surpevisor | Y15: Sell Out | Z15: Nível | AA15: % Avi | AB15: R$ Avi | AC15: % Capp | AD15: R$ Capp | AE15: % Fam | AF15: R$ Fam | AG15: % S&V | AH15: R$ S&V | AI15: % Treb | AJ15: R$ Treb | AK15: Master | AL15: Gestor | AM15: % Dev | AN15: R$ Dev | AO15: Total
